Company,Disc,Speed,Glide,Turn,Fade,Max Weight,Diameter,Height,Rim Depth,Inside Diameter,Rim Thickness,Rim Depth/Diameter Ratio,Rim Config,Flexibility
ABC Discs,Bee Line,14,5,-3,2,175.1,21.1,1.6,1.1,16.2,2.5,5.2,26.25,8.39
ABC Discs,Gamma Ray,9,4,-2,2,174.3,21,1.8,1.3,17.1,1.9,6.2,29.75,11.68
ABC Discs,Mission,4,5,-1,2,180.9,21.8,2,1.4,19.4,1.2,6.4,39.25,6.12
ABC Discs,Money,2,3,0,2,174.3,21,2.2,1.7,19,1,8.1,56.5,11.11
ABC Discs,Secret Weapon,10,5,-3,2,175.1,21.1,2,1.1,17.3,1.9,5.2,26.75,7.26
Above Ground Level,Cypress,12,5,-2,2,176,21.2,1.5,1.1,16.7,2.2,5.2,26.75,7.03
Above Ground Level,Madrone,2,3,0,1,174.3,21,2.2,1.7,19,1,8.1,83.5,8.16
Above Ground Level,Manzanita,3,3,0,2,174.3,21,1.1,1.6,18.7,1.1,7.6,67,9.41
Aerobie,Arrow - Approach & Putter,1,2,0,1,177.6,21.4,1.8,1.1,18.4,1.5,5.1,30.75,10.66
Aerobie,Sharpshooter #1,7,3,0,3,176,21.2,1.7,1.3,17.1,2.1,6.1,26.75,11.11
Aerobie,Sharpshooter #2,4,3,0,3,175.1,21.1,1.7,1.2,18.1,1.6,5.7,26.75,9.52
Aerobie,Sharpshooter #3,2,3,0,3,176.8,21.3,1.7,1.3,18.8,1.3,6.1,38.25,11.57
AquaFlight Discs,Dragonfly,5,4,-3,1,174.3,21,1.6,1.1,19.1,1.4,5.2,43,8.05
AquaFlight Discs,Osprey,12,4,-1,2,174.3,21,1.6,1.2,16.4,2.3,5.7,28,11.91
AquaFlight Discs,Peace Frog,3,3,0,1,174.3,21,2.2,1.6,19.1,1,7.6,63.75,5.67
AquaFlight Discs,Pelican,6,5,-3,1,175.1,21.1,2,1.2,17.7,1.7,5.7,29.5,9.19
AquaFlight Discs,Swift,7,5,-2,1,174.3,21,1.6,1.1,17.1,1.9,5.2,30,12.02
Arsenal Discs,50 Cal,10,4,-2,2,175.1,21.1,1.6,1.2,17.2,2,5.7,31.75,9.3
Arsenal Discs,Air Strike,12,5,-3,3,174.3,21,1.5,1.2,16.3,2.3,5.7,26.25,7.03
Arsenal Discs,C4,3,3,0,1,175.1,21.1,1.9,1.3,19.1,1,6.2,50,8.65
Arsenal Discs,Cyborg,9,5,-4,1,174.3,21,1.6,1.2,17.4,1.8,5.7,30.75,8.85
Arsenal Discs,Morningstar,5,4,-1,2,180.1,21.7,1.9,1.3,19.1,1.3,6,43.75,7.71
Axiom Discs,Alias,5,5,-1,1,178.5,21.5,1.8,1.2,19.1,1.2,5.6,61.5,8.96
Axiom Discs,Clash,7,5,-1,3,175.1,21.1,1.4,1.1,17.5,1.8,5.2,33.5,9.41
Axiom Discs,Crave,6,5,-1,1,175.1,21.1,1.4,1.2,17.4,1.8,5.7,27.75,9.98
Axiom Discs,Defy,12,5,-1,2,175.1,21.1,1.5,1.1,16.7,2.2,5.2,26,9.3
Axiom Discs,Envy,2,3,0,2,174.3,21,1.8,1.4,18.8,1.1,6.7,52,8.73
Axiom Discs,Excite,14,6,-3,2,175.1,21.1,2.1,1.2,15.9,2.5,5.7,27,11.91
Axiom Discs,Fireball,11,3,-0.5,4,175.1,21.1,1.4,1.1,17.1,2,5.2,29.5,9.07
Axiom Discs,Insanity,11,5,-2,1.5,175.1,21.1,1.4,1.1,17,2,5.2,27,8.28
Axiom Discs,Inspire,6,5,-2.5,1,175.1,21.1,1.5,1.2,17.4,1.8,5.7,32.75,9.87
Axiom Discs,Mayhem,13,5,-2.5,2,176,21.2,1.9,1.2,16.3,2.4,5.7,27.5,12.13
Axiom Discs,Panic,13,4,0,3,175.1,21.1,1.7,1.2,16.3,2.4,5.7,26.25,12.25
Axiom Discs,Proxy,3,3,-1,1,174.3,21,1.8,1.5,18.8,1.1,7.1,63.5,6.58
Axiom Discs,Tantrum,14,5,-2,2,175.1,21.1,1.9,1.2,16,2.5,5.7,26.75,12.13
Axiom Discs,Tenacity,13,5,-2,1,175.1,21.1,1.9,1.2,16.3,2.4,5.7,26.75,11.57
Axiom Discs,Theory,5,5,-2,0.5,178.5,21.5,1.9,1.3,19.1,1.2,6,50,6.35
Axiom Discs,Thrill,11,4,0,3,175.1,21.1,1.5,1.1,16.7,2.2,5.2,26,9.53
Axiom Discs,Vanish,12,5,-3,2,175.1,21.1,1.5,1.1,16.6,2.2,5.2,27.75,8.98
Axiom Discs,Virus,11,5,-3.5,1,176,21.2,1.4,1.1,17,2,5.2,29.5,7.94
Axiom Discs,Wrath,11,5,-1,2,175.1,21.1,1.4,1.1,17,2,5.2,30.25,8.05
Best Disc Golf Discs,MaxGlide,12,6,-3,2,175.1,21.1,1.6,1.1,16.6,2.3,5.2,29.25,11
Black Zombie Disc Golf,Berzerker,12,4,0,3,177.6,21.4,1.6,1.1,17,2.2,5.1,29.5,10.55
Black Zombie Disc Golf,Chainsaw,3,4,0,1,174.3,21,2.2,1.5,19.1,1,7.1,66.5,11
Crosslap Discgolf Parks,Credo,3,2,0,3,180.1,21.7,2,1.6,19.3,1.2,7.4,49.75,7.26
Crosslap Discgolf Parks,Lucky,5,5,-2,1,180.1,21.7,1.7,1.3,19.1,1.3,6,43.5,5.33
Daredevil Discs,Albatross,14,4,0,5,174.3,21,1.6,1.1,16.4,2.3,5.2,26.5,8.39
Daredevil Discs,Beaver,2,3,-1,1,176,21.2,2.2,1.6,19.3,0.9,7.5,50.5,3.97
Daredevil Discs,Bigfoot,13,6,-2,2,175.1,21.1,1.6,1.1,16.1,2.5,5.2,26,6.69
Daredevil Discs,Bighorn,2,3,0,1,176,21.2,2.2,1.6,19.2,1.6,7.5,67.75,8.62
Daredevil Discs,Buffalo,9,4,-1,5,174.3,21,1.6,1.2,17,2,5.7,34,8.85
Daredevil Discs,Caribou,4,5,-3,1,180.9,21.8,2.1,1.3,19.3,1.3,6,40.75,7.14
Daredevil Discs,Gray Jay,14,4,0,5,174.3,21,1.4,1.1,16.3,2.3,5.2,28.5,4.85
Daredevil Discs,Great Horned Owl,2,3,0,1,176,21.2,2.2,1.4,19.2,1,6.6,62.25,7.14
Daredevil Discs,Mammoth,9,4,-1,5,175.1,21.1,1.7,1.2,17.1,2,5.7,29.25,5.22
Daredevil Discs,Merlin,14,4,-1,5,174.3,21,1.7,1.1,16.4,2.3,5.2,26,7.03
Daredevil Discs,Moose,4,5,0,2,180.9,21.8,2.1,1.3,19.3,1.3,6,41,4.31
Daredevil Discs,Ogopogo,9,4,-2,5,175.1,21.1,1.5,1.2,17.1,2,5.7,36.75,2.27
Daredevil Discs,Polar Bear,2,3,0,1,176,21.2,2,1.5,19.3,1,7.1,62.5,4.2
Daredevil Discs,Pteranodon,4,6,-2,1,179.3,21.6,2.3,1.2,18.8,1.4,5.6,44.5,8.39
Daredevil Discs,Sabertooth,9,4,0,5,174.3,21,1.8,1.2,17,2,5.7,29,7.94
Daredevil Discs,Sasquatch,13,5,-5,1,174.3,21,1.7,1.1,16,2.5,5.2,26.5,11.23
Daredevil Discs,Swift Fox,7,5,-3,1,175.1,21.1,1.7,1.2,17.6,1.8,5.7,27,7.14
Daredevil Discs,Timberwolf,8,5,-1,1,175.1,21.1,1.6,1.2,17.5,1.8,5.7,27,5.78
Daredevil Discs,Walrus,4,5,0,3,180.9,21.8,1.9,1.2,19.3,1.3,5.5,48.75,1.81
Daredevil Discs,Wolverine,9,5,-2,2,176,21.2,1.8,1.2,17.5,1.8,5.7,27.5,10.32
Daredevil Discs,Woodchuck,2,2,-1,0,176,21.2,2,1.5,19.3,0.9,7.1,64,1.81
Daredevil Discs,Yeti,13,6,-3,1,175.1,21.1,1.6,1.1,16.1,2.5,5.2,26,8.05
Disc Golf Association,Aftershock,5,4,0,2,178.5,21.5,2,1.2,18.9,1.3,5.6,38,7.82
Disc Golf Association,Blowfly,2,2,0,2,176,21.2,2.1,1.4,19.4,0.9,6.6,49.25,7.03
Disc Golf Association,Gumbputt,2,2,0,2,180.1,21.7,2.2,1.9,20.2,0.7,8.8,86.75,2.72
Disc Golf Association,Hellfire,10,1,0,5,175.1,21.1,1.6,1.2,16.7,2.2,5.7,29.25,10.43
Disc Golf Association,Hurricane,12,5,-1,3,175.1,21.1,1.6,1.2,16.5,2.3,5.7,27,12.02
Disc Golf Association,Pipeline,8,5,0,2,177.6,21.4,1.5,1.1,17.8,1.8,5.1,31,10.21
Disc Golf Association,Proline Breaker,3,3,0,3,174.3,21,1.7,1.2,19,1,5.7,62,12.02
Disc Golf Association,Quake,5,3,0,3,179.3,21.6,1.7,1.2,18.6,1.5,5.6,40,12.25
Disc Golf Association,Reef,2,2,-1,1,179.3,21.6,1.7,1.2,18.6,1.5,5.6,40,12.25
Disc Golf Association,Sail,11,5,-4,1,174.3,21,1.9,1.1,17.2,1.9,5.2,29.75,9.75
Disc Golf Association,Steady,2,3,0,2,176,21.2,2,1.4,19.3,1,6.6,56,6.92
Disc Golf Association,Titanic,2,2,0,2,175.1,21.1,2.2,1.5,19.1,1,7.1,63.5,7.03
Disc Golf Association,Torrent,14,5,-1,2,174.3,21,1.5,1.2,16.1,2.4,5.7,27.25,9.75
Disc Golf Association,Tremor,6,5,-4,1,179.3,21.6,1.7,1.1,18.8,1.4,5.1,39.25,7.48
Disc Golf Association,Undertow,10,4,-1,1,178.5,21.5,1.6,1.2,17.3,2.1,5.6,28.25,10.77
Discmania,CD - Craze,10,5,-1,2,176,21.2,1.3,1.1,17.3,1.9,5.2,28.5,10.43
Discmania,CD2,9,5,-1,2,175.1,21.1,1.9,1.1,17.2,1.9,5.2,30,9.75
Discmania,CD3,11,5,-1,2,175.1,21.1,2,1.2,16.9,2.1,5.7,31,11.24
Discmania,DD - Hysteria,11,5,0,2,175.1,21.1,1.6,1.2,16.7,2.2,5.7,30.25,9.19
Discmania,DD2 - Frenzy,13,5,-2,2,176,21.2,1.5,1.1,16.2,2.5,5.2,26,8.28
Discmania,DDx,12,6,-1,2,175.1,21.1,1.7,1.1,16.5,2.3,5.2,28.75,11.34
Discmania,FD - Jackal,7,6,-1,1,176,21.2,1.8,1.1,17.5,1.8,5.2,34.75,9.53
Discmania,FD2,7,4,0,2,176,21.2,2,1.1,17.5,1.8,5.2,37.25,11.57
Discmania,FD3,9,4,0,3,176,21.2,1.7,1.1,17.2,2,5.2,29.75,8.16
Discmania,MD,4,5,0,0,180.9,21.8,2.1,1.4,19,1.4,6.4,48.25,8.96
Discmania,MD1 - Midrange Driver,4,4,0,2,180.1,21.7,2.2,1.3,19.2,1.3,6,40.5,8.5
Discmania,MD2 - Fiend,4,5,0,2,180.1,21.7,2,1.4,19,1.4,6.5,43.75,6.92
Discmania,MD3 - Midrange Driver,5,5,0,2,180.9,21.8,1.9,1.3,19,1.4,6,44.5,9.19
Discmania,MD4,5,4,0,3,180.1,21.7,1.6,1.4,18.9,1.4,6.5,51.25,11.11
Discmania,MD5,5,3,0,4,175.1,21.1,1.9,1.3,18.3,1.4,6.2,62.25,11.91
Discmania,P1 - Maniac,2,3,0,0,176,21.2,2,1.5,19.3,0.9,7.1,56,6.01
Discmania,P1x,2,3,0,0,176,21.2,2,1.4,19,1,6.6,68.5,7.71
Discmania,P2 - Psycho,2,3,0,1,176,21.2,2.1,1.5,19.2,1,7.1,58.25,7.03
Discmania,P3 - Putt & Approach,3,2,0,3,176,21.2,2,1.2,19.2,1,5.7,59,9.3
Discmania,P3x,3,2,0,3,176,21.2,1.9,1.6,19,1.1,7.5,62,7.37
Discmania,PD - Freak,10,4,0,3,175.1,21.1,1.7,1.2,17.3,1.9,5.7,28.25,11.11
Discmania,PD2 - Chaos,12,4,0,4,175.1,21.1,1.9,1.2,16.4,2.4,5.7,27.25,12.25
Discmania,PDx,11,4,0,3,175.1,21.1,1.9,1.2,16.9,2.1,5.7,30.5,11.23
Discmania,TD - Rush,10,5,-2,1,176,21.2,1.6,1.1,17.3,1.9,5.2,27.5,8.05
Discmania,TD2 - Fever,10,5,-4,1,175.1,21.1,1.6,1.1,16.9,2.1,5.2,30.25,10.77
Discmania,TDx,9,5,-3,1,175.1,21.1,1.5,1.2,17.2,2,5.7,30.5,11.45
Discraft,APX,2,2,-1,1,174.3,21,2.3,1.4,19.2,0.9,6.7,49.25,7.03
Discraft,Archer,7,4,-3,1,178.5,21.5,1.8,1.1,18.5,1.5,5.1,36,7.94
Discraft,Avenger,10,5,0,3,176,21.2,1.7,1.2,17.4,1.9,5.7,26.25,12.25
Discraft,Avenger-SS,10,5,-3,1,177.6,21.4,1.8,1.2,17.6,1.9,5.6,29.25,11
Discraft,Banger-GT,2,3,0,1,176,21.2,2,1.6,19.2,1,7.5,65.75,7.6
Discraft,Buzzz,5,4,-1,1,180.1,21.7,1.9,1.3,19.3,1.2,6,44,6.24
Discraft,Buzzz OS,5,4,0,3,180.1,21.7,1.7,1.2,19.1,1.3,5.5,45.75,8.28
Discraft,Buzzz-GT,5,5,0,1,178.5,21.5,1.7,1.3,19,1.3,6,44,12.02
Discraft,Buzzz-SS,5,4,-2,1,179.3,21.6,2.1,1.3,19,1.3,6,43.5,9.87
Discraft,Challenger,2,3,0,2,174.3,21,2.2,1.6,19,1,7.6,61.5,8.39
Discraft,Challenger OS,2,3,0,3,175.1,21.1,2,1.5,18.9,1,7.1,61,8.05
Discraft,Challenger SS,2,3,-1,2,175.1,21.1,2,1.4,19.1,1,6.6,61,8.62
Discraft,Comet,4,5,-2,1,180.9,21.8,2.1,1.3,19.4,1.2,6,35.25,10.43
Discraft,Crank,13,5,-2,2,175.1,21.1,1.6,1.1,16.3,2.4,5.2,30,10.09
Discraft,Crank SS,13,5,-3,2,175.1,21.1,1.5,1.1,16.3,2.4,5.2,27.25,9.98
Discraft,Crush,11,5,0,4,175.1,21.1,1.7,1.2,17,2.1,5.7,29,9.3
Discraft,Cyclone,7,4,-1,2,176.8,21.3,1.8,1.2,18.1,1.6,5.6,26,12.25
Discraft,Drone,5,3,1,4,178.5,21.5,2,1.3,18.5,1.5,6,41.25,10.43
Discraft,Flash,10,5,-2,3,175.1,21.1,1.6,1.2,17,2.1,5.7,27.5,8.85
Discraft,Flick,12,3,1,5,175.1,21.1,1.3,1.1,16.9,2.1,5.2,26,9.98
Discraft,Focus,2,2,-1,2,175.1,21.1,2.1,1.6,19.1,1,7.6,60.25,8.85
Discraft,Force,12,5,0,3,175.1,21.1,1.7,1.2,16.5,2.3,5.7,26,11.79
Discraft,Glide,6,5,-3,1,178.5,21.5,2,1.3,18.6,1.5,6,36.5,11.11
Discraft,Heat,9,6,-3,1,175.1,21.1,2.1,1.2,17.2,1.9,5.7,29.5,11
Discraft,Hornet,5,5,0,4,178.5,21.5,1.9,1.3,18.9,1.3,6,41.5,7.94
Discraft,Impact,5,5,-2,2,179.3,21.6,2,1.3,19,1.3,6,33.75,5.78
Discraft,Zeus,12,5,-1,3,175.1,21.1,1.6,1.2,16.5,2.3,5.7,28.5,11.79
Discraft,Luna,2,3,0,1,175.1,21.1,2,1.4,18.9,1.1,6.6,68.5,12.13
Discraft,Machete,11,4,0,4,175.1,21.1,1.6,1.1,16.8,2.1,5.2,30.5,12.13
Discraft,Magnet,2,3,-1,1,176,21.2,2,1.4,19.6,0.8,6.6,47.75,8.85
Discraft,Mantis,8,4,-2,2,176,21.2,1.9,1.1,17.4,1.9,5.2,28,10.66
Discraft,Meteor,5,5,-3,1,178.5,21.5,2,1.3,18.9,1.3,6,49.25,6.46
Discraft,Nebula,5,4,-0.5,2,176.8,21.3,2,1.3,18.7,1.3,6.1,44.5,7.03
Discraft,Nuke,13,5,-1,3,176,21.2,1.6,1.2,16.1,2.5,5.7,28.25,9.87
Discraft,Nuke OS,13,4,0,4,176,21.2,1.6,1.2,16.2,2.5,5.7,30.75,8.16
Discraft,Nuke SS,13,5,-3,3,176,21.2,1.5,1.1,16.2,2.5,5.2,28.75,9.98
Discraft,Predator,9,4,1,4,176,21.2,1.9,1.1,17.4,1.9,5.2,28.5,7.48
Discraft,Pulse,11,4,0,3,176,21.2,1.7,1.3,17.1,2.1,6.1,29.75,10.21
Discraft,Punisher,12,5,0,3,175.1,21.1,1.5,1.1,16.7,2.2,5.2,28.25,11.68
Discraft,Putt'r,2,2,-1,1,174.3,21,2.4,1.6,19.2,0.9,7.6,78.75,8.28
Discraft,Raptor,9,3,0,4,176.8,21.3,1.9,1.1,17.4,1.9,5.2,27.25,12.13
Discraft,Rattler Putter,2,2,-2,1,176,21.2,2.2,1.6,20,0.6,7.5,84.25,4.99
Discraft,Reaper,8,3,0,4,177.6,21.4,1.5,1.2,17.8,1.8,5.6,29.5,9.3
Discraft,Ringer,4,4,0,2,174.3,21,1.8,1.2,19.2,0.9,5.7,67.75,6.12
Discraft,Ringer GT,4,4,0,3,175.1,21.1,1.7,1.1,19,1,5.2,63.25,4.65
Discraft,Riptide,9,4,0,3,177.6,21.4,1.7,1.2,17.4,2,5.6,27.5,9.75
Discraft,Roach,2,4,0,1,175.1,21.1,2,1.5,18.9,1.1,7.1,58.75,9.07
Discraft,Rogue,11,4,-1,2,175.1,21.1,1.7,1.2,16.8,2.2,5.7,28.25,12.02
Discraft,Sol,4,4,-2,1,175.1,21.1,1.7,1.3,18.9,1.1,6.2,51.25,8.73
Discraft,Spectra,12,5,-2,2,176,21.2,1.7,1.2,16.8,2.2,5.7,30.75,8.85
Discraft,Squall,6,4,-1,1,178.5,21.5,1.8,1.3,18.6,1.3,6,34.5,9.07
Discraft,Stalker,7,5,-1,2,179.3,21.6,1.6,1.2,18.4,1.6,5.6,32.5,8.51
Discraft,Sting,7,5,-2,1,177.6,21.4,1.8,1.2,18.2,1.6,5.6,36.25,10.66
Discraft,Stratus,5,4,-4,1,177.6,21.4,1.8,1.2,19,1.2,5.6,36.25,6.58
Discraft,Surge,11,5,-1,3,175.1,21.1,1.6,1.2,17.1,2.2,5.7,30.25,10.55
Discraft,Surge-SS,11,5,-2,2,175.1,21.1,1.6,1.2,16.8,2.1,5.7,29.25,7.48
Discraft,Talon,8,3,1,3,174.3,21,1.5,1.1,17.5,1.8,5.2,28.25,9.3
Discraft,The Hawk,4,5,-2,2,178.5,21.5,1.8,1.2,19.1,1.2,5.6,33,11.1
Discraft,Thrasher,12,5,-3,2,175.1,21.1,1.7,1.1,16.8,2.1,5.2,26.75,8.85
Discraft,Tracker,8,5,-1,3,176,21.2,1.7,1.2,17.7,1.8,5.7,32.5,11.23
Discraft,Tsunami,10,3,0,4,177.6,21.4,1.9,1.2,17.5,1.9,5.6,28.5,9.41
Discraft,Undertaker,9,5,-1,2,175.1,21.1,1.8,1.1,17.5,1.9,5.2,30.75,10.43
Discraft,Venom,10,4,0,4,174.3,21,1.6,1.2,16.6,2.2,5.7,30.25,9.98
Discraft,Vulture,10,5,0,2,177.6,21.4,1.6,1.2,17.8,1.8,5.6,33.5,10.89
Discraft,Wasp,5,3,0,2,179.3,21.6,1.8,1.3,19.2,1.2,6,37,8.39
Discraft,Wildcat,10,4,-2,3,176.8,21.3,1.5,1.2,17.5,1.9,5.6,27.25,10.21
Discraft,XL,7,4,-2,1,175.1,21.1,2.1,1.2,17.7,1.7,5.7,32.25,8.5
Discraft,Xpress,8,5,-3,1,175.1,21.1,1.8,1.2,17.6,1.7,5.7,28,9.64
Discraft,XS,7,4,-1,3,175.1,21.1,1.8,1.2,17.6,1.8,5.7,27.5,8.51
Discraft,Zombee,6,4,-1,1,179.3,21.6,2.1,1.2,18.4,1.6,5.6,34.75,10.77
Discraft,Zone,4,3,0,3,175.1,21.1,2,1.3,18.8,1.2,6.2,46,10.55
Dynamic Discs,Breakout,8,5,-1,1.5,174.3,21,1.6,1.1,17.2,1.9,5.2,32.75,8.62
Dynamic Discs,Captain,13,5,-2,2,175.1,21.1,1.6,1.1,16.6,2.3,5.2,30,11.23
Dynamic Discs,Convict,9,4,-0.5,3,176,21.2,1.4,1.1,17.2,2,5.2,34.75,8.85
Dynamic Discs,Criminal,10,3,1,4,176,21.2,1.5,1.2,16.9,2.1,5.7,29,12.25
Dynamic Discs,Defender,13,5,0,3,174.3,21,1.6,1.1,16.4,2.3,5.2,30.75,11.11
Dynamic Discs,Deputy,3,4,-1.5,0,176,21.2,2,1.5,19.1,1.1,7.1,61,6.92
Dynamic Discs,EMAC Truth,5,5,0,2,180.1,21.7,1.8,1.2,18.7,1.5,5.5,42.25,9.3
Dynamic Discs,Enforcer,12,4,-0.5,4,175.1,21.1,1.8,1.1,16.7,2.2,5.2,27,11
Dynamic Discs,Escape,9,5,-0.5,2,175.1,21.1,2,1.1,17.1,2,5.2,27.75,10.32
Dynamic Discs,Evidence,5,5,-1,0,180.1,21.7,1.8,1.2,18.7,1.4,5.5,41.25,7.26
Dynamic Discs,Felon,9,3,0.5,4,176,21.2,1.8,1.1,17.2,2,5.2,31.5,9.3
Dynamic Discs,Freedom,14,5,-2,3,176,21.2,1.6,1.1,16.3,2.4,5.2,27.25,8.73
Dynamic Discs,Fugitive,5,5,-0.5,1.5,180.9,21.8,2.1,1.3,19.1,1.4,6,39,7.82
Dynamic Discs,Gavel,3,5,-2,0.5,176.8,21.3,1.9,1.4,19.5,1.4,6.6,45.75,9.19
Dynamic Discs,Getaway,9,5,-0.5,3,175.1,21.1,1.8,1.1,17.1,2,5.2,28.75,11
Dynamic Discs,Judge,2,4,0,1.5,176,21.2,2,1.5,18.9,1.1,7.1,58.25,4.2
Dynamic Discs,Justice,5,3,0.5,4,176.8,21.3,1.7,1.3,18.3,1.5,6.1,39.5,8.96
Dynamic Discs,Marshal,3,4,0,1,176,21.2,2,1.6,19.1,1.1,7.5,67,11.57
Dynamic Discs,Maverick,7,4,-1.5,2,176,21.2,1.8,1.1,17.8,1.7,5.2,35,9.53
Dynamic Discs,Patrol,5,5,-3,1,180.1,21.7,1.6,1.2,18.8,1.4,5.5,44,8.85
Dynamic Discs,Proof,5,6,-3,1,178.5,21.5,1.5,1.1,19,1.3,5.1,39.5,9.4
Dynamic Discs,Renegade,11,5,-1.5,3.5,176,21.2,1.7,1.1,17,2.1,5.2,28,8.96
Dynamic Discs,Sheriff,13,5,-1,2,175.1,21.1,1.6,1.1,16.3,2.4,5.2,30.25,11.79
Dynamic Discs,Slammer,2,2,0,3,176,21.2,1.8,1.4,19.2,1,6.6,53.5,8.39
Dynamic Discs,Suspect,4,3,0,3,176.8,21.3,1.6,1.2,18.9,1.2,5.6,47.5,7.6
Dynamic Discs,Thief,8,5,0,2,176,21.2,1.8,1.1,17.3,1.9,5.2,34.25,9.19
Dynamic Discs,Trespass,12,5,-0.5,3,175.1,21.1,1.9,1.1,16.7,2.1,5.2,26.25,10.32
Dynamic Discs,Truth,5,5,0,2,180.1,21.7,1.7,1.2,18.7,1.5,5.5,41.5,8.05
Dynamic Discs,Verdict,5,4,0,3.5,180.1,21.7,1.7,1.2,18.7,1.5,5.5,43.25,7.71
Dynamic Discs,Warden,2,4,0,0.5,176,21.2,2,1.5,19.1,1.1,7.1,66.25,4.65
Dynamic Discs,Warrant,5,5,-2,0,180.1,21.7,1.8,1.3,18.8,1.4,6,46.5,9.87
Dynamic Discs,Witness,8,6,-3,1,175.1,21.1,1.8,1.1,17.3,1.9,5.2,32.25,8.85
Element Discs,Chromium,9,5,-1,1,175.1,21.1,2,1.2,17.2,2,5.7,31.25,9.75
Element Discs,Iridium,2,3,0,2,174.3,21,2.1,1.5,19.1,0.9,7.1,66,12.02
Element Discs,Plutonium,3,3,0,1,174.3,21,2,1.5,19,1,7.1,77.75,7
Element Discs,Uranium,4,2,0,2,176,21.2,1.5,1.4,18.7,1.3,6.6,49.5,7.71
Eurodisc,Delivery,3,3,0,0,174.3,21,2,1.4,19,1,6.7,59,9.52
Eurodisc,Delivery Organic,3,3,0,0,176,21.2,2.1,1.4,19.2,1,6.6,59,8.39
Eurodisc,Transition,6,5,0,1,176.8,21.3,1.9,1.3,18.7,1.3,6.1,46,9.98
Eurodisc,Transition Organic,6,5,0,1,178.5,21.5,2.1,1.3,18.9,1.3,6,46,8.73
Eurodisc,Transporter,8,6,-2,1,175.1,21.1,1.7,1.2,17.5,1.8,5.7,28,10.43
Eurodisc,Transporter Organic,8,6,-2,1,176,21.2,1.9,1.2,17.6,1.8,5.7,28,9.87
Fly High Discs,AK-47,3,4,0,1,174.3,21,2.2,1.5,19,1,7.1,59.25,7.48
Fly High Discs,Diesel,11,4,0,3,177.6,21.4,1.6,1.1,16.9,2.2,5.1,33.25,11.57
Fly High Discs,Jack the Ripper,9,5,0,1,174.3,21,1.7,1.1,17.1,1.9,5.2,33.5,10.66
Fly High Discs,KGB,5,5,-1,1,180.9,21.8,1.9,1.1,19,1.4,5,38.5,10.55
Fly High Discs,Pure O.G.,6,4,-1,2,180.9,21.8,1.9,1.1,18.8,1.5,5,37.75,7.82
Fly High Discs,Train Wreck,13,5,-2,2,174.3,21,1.8,1.2,16.4,2.3,5.7,33.25,11.91
Fly High Discs,White Widow,3,4,-1,0,174.3,21,2.1,1.5,19,1,7.1,75.5,5.9
Fourth Circle Discs,Taipan,13,5,0,3,175.1,21.1,1.6,1.1,16.3,2.4,5.2,27.25,9.19
Full Turn Discs,Cruise,13,4,-2,1,175.1,21.1,1.6,1.1,16.4,2.3,5.2,26.5,8.85
Full Turn Discs,Drifter,9,4,-1,2,175.1,21.1,1.7,1.2,17.3,1.9,5.7,27,9.19
Full Turn Discs,Navigator,5,4,-1,2,179.3,21.6,1.7,1.5,18.9,1.4,6.9,40.5,6.8
Full Turn Discs,Passport,2,3,-1,1,176,21.2,2.1,1.6,19.2,1,7.5,64,8.16
Full Turn Discs,Traveler,9,4,0,2,175.1,21.1,1.7,1.2,17.3,1.9,5.7,28.75,9.53
Full Turn Discs,Voyage,12,5,0,3,175.1,21.1,1.8,1.1,16.4,2.3,5.2,26.25,8.85
Galaxy Disc Golf,Magneton,2,3,0,3,175.1,21.1,1.9,1.5,19.1,1,7.1,59.25,8.28
Galaxy Disc Golf,Meteorite,11,3,-0.5,2,175.1,21.1,1.8,1.1,16.8,2.1,5.2,26,8.62
Galaxy Disc Golf,Orbit,5,4,0,3,176,21.2,2.1,1.3,19.2,1,6.1,60,8.62
Galaxy Disc Golf,Shooting Star,7,5,-2,1,174.3,21,1.8,1.2,17.4,1.8,5.7,26.25,6.69
Gateway Disc Sports,Apache,9,6,-2,1,174.3,21,2,1.2,17.6,1.7,5.7,27.5,10.21
Gateway Disc Sports,Apache ,9,6,-2,1,176.8,21.3,1.8,1.2,17.4,1.9,5.6,28.5,4.76
Gateway Disc Sports,Apex,12,6,-1,2,178.5,21.5,1.9,1.1,17.1,2.3,5.1,30.25,9.75
Gateway Disc Sports,Assassin,9,5,-1,1,174.3,21,1.9,1.1,17.2,1.9,5.2,34.5,10.77
Gateway Disc Sports,Assassin ,9,5,-1,1,174.3,21,1.9,1.1,17.1,1.9,5.2,34.5,8.62
Gateway Disc Sports,Blaze,6,4,0,3,175.1,21.1,1.9,1.2,17.7,1.7,5.7,30.25,10.77
Gateway Disc Sports,Chief,3,3,0,1,174.3,21,2.1,1.5,19,1,7.1,60.5,9.53
Gateway Disc Sports,Chief ,3,3,0,1,174.3,21.1,1.7,1.3,19.2,1,6.2,60.5,3.63
Gateway Disc Sports,Chief OS,3,3,0,2,176,21.2,2.1,1.3,19.2,1,6.1,55.75,6.19
Gateway Disc Sports,Demon,6,4,0,4,175.1,21.1,1.9,1.2,17.7,1.7,5.7,30.25,11.11
Gateway Disc Sports,Devilhawk,3,3,0,4,176,21.2,2.1,1.3,19.2,1,6.1,70.25,7.14
Gateway Disc Sports,Diablo,9,5,0,2,176,21.2,1.7,1.2,17.1,2,5.7,32.5,9.3
Gateway Disc Sports,Diablo DT,11,5,-1,2,179.3,21.6,1.3,1.1,17.2,2.2,5.1,26.75,9.64
Gateway Disc Sports,Hybrid,7,4,-0.5,3,176,21.2,2.2,1.3,17.8,1.7,6.1,32.5,8.96
Gateway Disc Sports,Illusion,12,5,-1,3,177.6,21.4,1.5,1.1,17.2,2.1,5.1,32.75,10.77
Gateway Disc Sports,Journey - LS,12,6,-2,1,176,21.2,1.9,1.1,16.9,2.2,5.2,28.25,9.75
Gateway Disc Sports,Magic,2,3,-1,0,174.3,21,2.1,1.5,19,1,7.1,54,4.54
Gateway Disc Sports,Mystic,5,5,-2,0,180.9,21.8,1.9,1.1,18.8,1.5,5,49.75,12.02
Gateway Disc Sports,Ninja,10,6,-1,2,176,21.2,1.9,1.2,17.2,2,5.7,31.75,8.73
Gateway Disc Sports,Rage,10,5,-0.5,3.5,177.6,21.4,1.8,1.2,16.9,2.2,5.6,26.25,10.89
Gateway Disc Sports,Rage ,10,5,-0.5,3.5,178.5,21.5,1.7,1.1,17.1,2.2,5.1,26.25,9.07
Gateway Disc Sports,Sabre,7,5,-1,1,176,21.2,1.8,1.2,17.8,1.7,5.7,27,10.77
Gateway Disc Sports,Samurai,13,5,-2,1,175.1,21.1,1.8,1.2,16.5,2.3,5.7,29.25,11.57
Gateway Disc Sports,Shaman,3,4,1,2,176,21.2,1.8,1.3,19.2,1,6.1,65.75,8.39
Gateway Disc Sports,Siren,13,5,-2,1,175.1,21.1,1.8,1.2,16.4,2.3,5.7,29.25,11.57
Gateway Disc Sports,Slayer,13,5,-1,2,174.3,21,1.7,1.2,16.4,2.3,5.7,30,9.75
Gateway Disc Sports,Slayer ,13,5,-1,2,175.1,21.1,1.5,1.2,16.4,2.3,5.7,30,9.3
Gateway Disc Sports,Speed Demon,12,3,0,4,177.6,21.4,1.8,1.1,17,2.2,5.1,27,10.89
Gateway Disc Sports,Spirit,12,4,0,4,176,21.2,1.8,1.1,17,2.1,5.2,26,12.25
Gateway Disc Sports,Voodoo,2,3,0,0,175.1,21.1,2.1,1.6,19.1,1,7.6,62,3.52
Gateway Disc Sports,Voodoo,2,3,0,0,176,21.2,2.1,1.6,19.2,1,7.5,62,9.41
Gateway Disc Sports,Warlock,2,3,0,1,175.1,21.1,2.3,1.6,19.1,1,7.6,56.25,6.46
Gateway Disc Sports,Warrior,5,4,0,3,174.3,21,2.1,1.2,17.6,1.7,5.7,33.5,11.79
Gateway Disc Sports,Warspear,2,3,0,2.5,176,21.2,1.8,1.3,19.2,1,6.1,77.75,6.92
Gateway Disc Sports,Wizard,2,3,0,2,174.3,21,2.1,1.8,19,1,8.6,59.25,10.43
Gateway Disc Sports,Wizard,2,3,0,2,176,21.2,2.1,1.8,19.2,1,8.5,59.25,9.87
Guru Disc Golf,Fenris,13,5,-1,2,176,21.2,1.7,1.1,16.2,2.5,5.2,26,10.66
Guru Disc Golf,Midgard,6,5,-1,1,175.1,21.1,1.7,1.1,17.5,1.8,5.2,32.5,11.45
Guru Disc Golf,Mjølner,2,3,0,1,176,21.2,2,1.5,19.2,1,7.1,47.25,9.53
Guru Disc Golf,Sleipner,10,4,-1,2,176,21.2,1.5,1.1,17,2.1,5.2,28.75,11.11
Guru Disc Golf,Thor,4,4,0,2,180.1,21.7,2.1,1.3,19.1,1.3,6,40.25,9.53
Infinite Discs,Anubis,5,5,0,0,180.9,21.8,2.1,1.3,18.7,1.4,6,50,9.19
Infinite Discs,Chariot,5,5,0,1,180.9,21.8,1.7,1.4,19,1.4,6.4,51.5,9.07
Infinite Discs,Exodus,7,5,-0.5,2,175.1,21.1,1.8,1.1,17.5,1.8,5.2,36.25,8.73
Infinite Discs,Myth,2,3,0,2,176,21.2,2.1,1.5,19,1.1,7.1,68.75,9.07
Infinite Discs,Pharaoh,13,6,-1,2,175.1,21.1,1.4,1.1,16.4,2.3,5.2,28.5,11.11
Infinite Discs,Ra,5,4,0,3,180.1,21.7,1.8,1.4,17.8,1.4,6.5,50.25,7.71
Infinite Discs,Slab,12,3,0,4,176,21.2,1.6,1.2,16.6,2.3,5.7,29,9.3
Infinite Discs,Sphinx,9,6,-3,1,175.1,21.1,1.6,1.1,17.3,1.9,5.2,30.75,11.79
Infinite Discs,Tomb,3,4,0,1,176.8,21.3,1.6,1.3,19.1,1.1,6.1,65.5,7.6
Innova,Ace,2,3,-2,1,175.1,21.1,1.6,1.2,17.9,1.6,5.7,27.75,10.09
Innova,Aero,3,6,0,0,180.1,21.7,2.5,1.3,19.6,1,6,43.75,8.16
Innova,Ape,13,5,0,4,175.1,21.1,1.5,1.2,16.2,2.4,5.7,27.75,12.13
Innova,Archangel,8,6,-4,1,175.1,21.1,1.6,1.5,17.3,1.9,7.1,31.25,9.19
Innova,Archon,11,5,-2,2,175.1,21.1,1.7,1.2,16.6,2.3,5.7,28.25,11.45
Innova,Atlas,5,4,0,1,180.9,21.8,1.7,1.4,19.1,1.4,6.4,46.25,4.42
Innova,Aviar,2,3,0,1,176,21.2,2,1.5,19.4,0.9,7.1,55.75,11.34
Innova,Aviar 3,3,2,0,2,176,21.2,1.9,1.5,19.2,1,7.1,55.75,9.53
Innova,Aviar XD,3,4,-1,1,176,21.2,2.1,1.1,19.4,0.9,5.2,52.5,9.1
Innova,AviarX3,3,2,0,3,176.8,21.3,1.8,1.6,19.3,1,7.5,55.75,7.14
Innova,Banshee,7,3,0,3,176,21.2,1.5,1.2,17.6,1.8,5.7,29.25,6.58
Innova,Beast,10,5,-2,2,176,21.2,1.4,1.1,17.1,2,5.2,26.76,8.96
Innova,Birdie,1,2,0,0,175.1,21.1,2.3,1.9,19.7,0.7,9,98.25,11.8
Innova,Boss,13,5,-1,3,176,21.2,1.5,1.2,16.2,2.5,5.7,26,7.6
Innova,Bulldog,3,3,0,3,175.1,21.1,2,1.6,18.6,1.3,7.6,45,12.02
Innova,Bullfrog,3,1,0,1,175.1,21.1,1.8,1.3,19,1,6.2,67.75,8.16
Innova,Caiman,5.5,2,0,4,175.1,21.1,1.7,1.4,18.3,1.4,6.6,66.5,11.68
Innova,Cheetah,6,4,-2,2,175.1,21.1,1.9,1.2,17.9,1.6,5.7,28.25,10.54
Innova,Cobra,4,5,-2,2,180.1,21.7,2,1.1,19.3,1.2,5.1,35.25,9.1
Innova,Colossus,14,5,-2,3,175.1,21.1,1.7,1.1,16.1,2.5,5.2,29.75,7.82
Innova,Colt,3,4,-1,1,176,21.2,1.8,1.3,19,1.1,6.1,59.75,7.48
Innova,Commander,5,3,0,4,180.9,21.8,2.2,1.2,19,1.4,5.5,42,9.19
Innova,Corvette,14,6,0,2,175.1,21.1,1.8,1.2,16.3,2.3,5.7,26.75,11.68
Innova,Coupe,3,3,-1,1,176,21.2,2,1.3,19.4,0.9,6.1,50,8.16
Innova,Coyote,4,5,0,1,180.1,21.7,1.9,1.3,19.4,1.2,6,47.25,5.56
Innova,CRO,5,3,0,2,176,21.2,2,1.4,18.5,1.3,6.6,48.5,6.24
Innova,Daedalus,13,6,-3,2,175.1,21.1,1.5,1.2,16.4,2.3,5.7,26.25,8.05
Innova,Dart,3,4,0,0,176,21.2,2.2,1.4,18.8,1.2,6.6,38,5.1
Innova,Destroyer,12,5,-1,3,175.1,21.1,1.4,1.2,16.7,2.2,5.7,30.5,10.66
Innova,Dominator,13,5,-1,2,175.1,21.1,1.4,1.1,16.2,2.4,5.2,27.75,11.45
Innova,Dragon,8,5,-2,2,174.3,21,1.9,1.2,17.4,1.8,5.7,32,6.12
Innova,Eagle,7,4,-1,3,176,21.2,1.6,1.2,17.8,1.7,5.7,29.5,7.82
Innova,Firebird,9,3,0,4,175.1,21.1,1.4,1.2,17.3,1.9,5.7,26.75,9.75
Innova,Firebird L (FL),9,3,0,2,175.1,21.1,1.7,1.2,17.3,1.9,5.7,29.25,
Innova,Firestorm,14,4,0,3,175.1,21.1,1.5,1.1,16.5,2.3,5.2,27.5,10.77
Innova,Foxbat,5,6,-1,0,180.1,21.7,2.2,1.4,19,1.4,6.5,33.5,7.37
Innova,Gator,5,2,0,3,176,21.2,1.9,1.4,18.6,1.3,6.6,49.5,10.32
Innova,Gator3,5,2,0,3,176,21.2,1.8,1.4,18.2,1.5,6.6,49.5,12.03
Innova,Gazelle,6,4,0,2,176,21.2,1.8,1.2,18,1.6,5.7,28.25,10.54
Innova,Groove,13,6,-2,2,175.1,21.1,1.7,1.2,16.3,2.4,5.7,28,10.21
Innova,Hawg,2,1,0,3.5,176,21.2,2,1.3,18.8,1.2,6.1,71.5,8.16
Innova,Hydra,3,3,0,2,175.1,21.1,2,1.4,18.3,1.4,6.6,44.75,7.82
Innova,Katana,13,5,-3,3,176,21.2,1.8,1.2,16.3,2.5,5.7,26.25,10.32
Innova,Kite,5,6,-3,1,176,21.2,1.9,1.3,17.9,1.6,6.1,36.25,9.53
Innova,Krait,11,5,-1,2,176,21.2,2.3,1.2,16.6,2.3,5.7,30.25,12.13
Innova,Leopard,6,5,-2,1,176,21.2,1.6,1.1,18,1.6,5.2,29.25,7.6
Innova,Leopard 3,7,5,-2,1,176,21.2,1.7,1.1,17.8,1.7,5.2,29.25,9.3
Innova,Mako,4,5,0,0,180.1,21.7,2.1,1.4,19.3,1.2,6.5,52.75,8.96
Innova,Mako 3,5,5,0,0,180.1,21.7,1.9,1.4,19,1.4,6.5,52.75,8.96
Innova,Mamba,11,6,-5,1,175.1,21.1,1.7,1.1,16.9,2.1,5.2,27.5,8.48
Innova,Manta,5,5,-2,1,180.9,21.8,1.9,1.2,19,1.4,5.5,37.25,9.98
Innova,Max,11,3,0,5,176,21.2,1.9,1.2,16.8,2.2,5.7,34,10.43
Innova,Mirage,3,4,-3,0,176,21.2,1.9,1.2,19,1.1,5.7,50.25,6.35
Innova,Monarch,10,5,-4,1,175.1,21.1,1.6,1.2,17,2.1,5.7,30.75,10.21
Innova,Monster,10,3,0,5,176,21.2,1.4,1.2,17.2,2,5.7,32.25,8.85
Innova,Mystere,11,6,-2,2,175.1,21.1,1.6,1.1,16.9,2.1,5.2,31.5,7.26
Innova,Nova,2,3,0,0,176.8,21.3,2.7,1.5,19.1,1.1,7,59,4.65
Innova,ORC,10,4,-1,3,176,21.2,1.9,1.2,17.2,2,5.7,27,8.85
Innova,Panther,5,4,-2,1,176,21.2,1.9,1.2,18.6,1.3,5.7,34,12.02
Innova,Pig,3,1,0,3,176,21.2,2.1,1.4,18.4,1.4,6.6,57.5,9.64
Innova,Pole Cat,1,3,0,0,176.8,21.3,2.3,1.6,19.9,0.7,7.5,83.25,4.2
Innova,Puma,4,3,-4,1,176,21.2,1.7,1.2,18.6,1.3,5.7,42.75,9.64
Innova,Python,7,3,-1,2,180.1,21.7,1.7,1.1,17.9,1.9,5.1,31.25,8.05
Innova,Ram,6,4,1,4,180.1,21.7,1.9,1.3,18.1,1.8,6,27.5,7.82
Innova,Rat,4,2,0,3,176,21.2,1.7,1.4,18.9,1.1,6.6,66.65,6.01
Innova,Raven,6,4,-2,2,180.1,21.7,1.9,1.2,18.5,1.6,5.5,29.25,9.69
Innova,Rhyno,2,1,0,3,176,21.2,1.9,1.3,19.2,1,6.1,56.75,6.24
Innova,Roadrunner,9,5,-4,1,175.1,21.1,1.4,1.2,17.5,1.8,5.7,29,8.39
Innova,Roc,4,4,0,3,180.1,21.7,2,1.3,19.3,1.2,6,43,8.51
Innova,Roc 3,5,4,0,3,180.9,21.8,2,1.3,19,1.4,6,43,7.94
Innova,RocX3,5,4,0,3.5,180.9,21.8,2,1.4,19,1.4,6.4,49.75,9.07
Innova,Savant,9,5,-1,2,175.1,21.1,1.6,1.1,17.2,1.9,5.2,36.5,6.24
Innova,Shark,4,4,0,2,180.1,21.7,2.1,1.3,19.3,1.2,6,39.5,11.32
Innova,Shark 3,5,4,0,2,180.9,21.8,2,1.3,19,1.4,6,39.5,8.28
Innova,Shryke,13,6,-2,2,175.1,21.1,1.7,1.2,16.4,2.3,5.7,26,10.32
Innova,Sidewinder,9,5,-3,1,175.1,21.1,1.4,1.2,17.5,1.8,5.7,28,10.43
Innova,Skeeter,5,5,-1,1,176,21.2,1.9,1.3,18.7,1.3,6.1,43.25,9.07
Innova,Sonic,1,2,-4,0,179.3,21.6,2.3,1.6,20.4,0.6,7.4,82,3.97
Innova,Spider,5,3,0,1,176,21.2,1.7,1.4,18.6,1.3,6.6,45,7.82
Innova,Starfire,10,4,0,3,176,21.2,1.4,1.1,17.2,2,5.2,29,7.71
Innova,Stingray,4,5,-3,1,180.1,21.7,1.8,1.1,19.3,1.2,5.1,38.25,9.1
Innova,Stud,3,3,0,2,176,21.2,1.9,1.3,18.9,1.1,6.1,69.5,11.11
Innova,Tee-Rex,11,4,0,4,175.1,21.1,1.7,1.2,16.8,2.2,5.7,30,10.21
Innova,TeeBird,7,5,0,2,176,21.2,1.5,1.1,17.8,1.7,5.2,29.25,7.83
Innova,Teebird 3,8,4,0,2,176,21.2,1.7,1.1,17.5,1.8,5.2,29.25,9.41
Innova,TeeBird L (TL),7,5,0,1,175.1,21.1,1.6,1.2,17.5,1.8,5.7,33,12.25
Innova,TeeDevil,12,5,-1,2,176,21.2,1.6,1.2,16.4,2.4,5.7,28.5,11.79
Innova,Tern,12,6,-3,2,175.1,21.1,1.7,1.1,16.6,2.3,5.2,28.5,11.91
Innova,Thunderbird,9,5,0,2,176,21.2,1.6,1.1,17.3,1.9,5.2,31,6.46
Innova,TL 3,8,4,0,1,176,21.2,1.7,1.1,17.6,1.8,5.2,33,7.48
Innova,Valkyrie,9,4,-2,2,175.1,21.1,1.4,1.2,17.3,1.9,5.7,26,8.05
Innova,Viking,9,4,-1,2,176,21.2,1.4,1.1,17.4,1.9,5.2,30.75,7.48
Innova,Viper,6,4,1,5,180.1,21.7,2,1.3,18.5,1.6,6,29.25,8.51
Innova,VRoc,4,4,0,1,180.9,21.8,2,1.3,19,1.4,6,43,9.3
Innova,Vulcan,13,5,-4,2,176,21.2,1.4,1.1,16.4,2.4,5.2,27.25,11
Innova,Wahoo,12,6,-2,2,174.3,21,2,1.2,16.1,2.4,5.7,33.25,10.21
Innova,Wedge,3.5,3,-3,1,176,21.2,1.7,1.2,19.2,1,5.7,47.25,4.99
Innova,Whale,2,3,0,1,175.1,21.1,2,1.5,19,1,7.1,75.25,8.5
Innova,Whippet,6,3,1,5,176,21.2,1.9,1.3,17.8,1.7,6.1,26,12.25
Innova,Wolf,4,3,-4,1,180.9,21.8,1.6,1.1,19.4,1.2,5,30.25,6.35
Innova,Wombat,5,6,-1,0,180.9,21.8,2.2,1.4,18.9,1.4,6.4,36.25,4.54
Innova,Wombat3,5,6,-1,0,180.9,21.8,2,1.4,18.9,1.4,6.4,30,7.26
Innova,Wraith,11,5,-1,3,175.1,21.1,1.4,1.2,16.9,2.1,5.7,26.75,8.85
Innova,XCaliber,12,5,0,4,175.1,21.1,1.6,1.2,16.4,2.3,5.7,29.5,8.85
Kastaplast AB,Berg,1,2,0,2,175.1,21.1,2,1.4,19.3,0.9,6.6,87,4.31
Kastaplast AB,Falk,9,6,-2.5,2,175.1,21.1,1.8,1.1,17.2,1.9,5.2,30.25,9.53
Kastaplast AB,Grym,13,5,-2,2,175.1,21.1,1.8,1.1,16.7,2.2,5.2,26.25,9.85
Kastaplast AB,Grym X,13,5,-1,2,176,21.2,1.6,1.1,16.9,2.2,5.2,26,10.21
Kastaplast AB,Kaxe,6,4,0,3,174.3,21,1.9,1.3,18,1.5,6.2,34,9.3
Kastaplast AB,Kaxe Z,6,5,0,2,175.1,21.1,1.9,1.3,18,1.5,6.2,34,8.5
Kastaplast AB,Rask,14,3,0,4,176,21.2,1.6,1.1,16.8,2.2,5.2,26.5,9.75
Kastaplast AB,Rask,14,3,0,4,175.1,21.1,1.6,1.1,16.7,2.2,5.2,26.5,7.71
Kastaplast AB,Reko,3,3,0,1,176,21.2,1.8,1.4,19.1,1,6.6,61.25,10.43
Kastaplast AB,Stål,9,4,0,3,175.1,21.1,1.8,1.1,17.3,1.9,5.2,30.5,11
Las Aves Disc Golf,Ka-kaa,12,5,-2,2,175.1,21.1,1.6,1.1,16.7,2.2,5.2,26.25,9.41
Las Aves Disc Golf,Wo-Hoo,6,5,0,2,175.1,21.1,1.8,1.3,18,1.5,6.2,37.25,11.11
Latitude 64,Anchor,5,4,0,3,180.1,21.7,1.8,1.5,18.9,1.4,6.9,43.25,10.32
Latitude 64,Ballista,14,5,-1,3,175.1,21.1,1.7,1.1,16.3,2.4,5.2,26,8.05
Latitude 64,Ballista Pro,14,4,0,3,176,21.2,1.7,1.1,16.3,2.4,5.2,26.75,11.79
Latitude 64,Blitz,11,3,0,4,176,21.2,1.6,1.2,16.8,2.2,5.7,30.5,9.19
Latitude 64,Bolt,13,6,-2,3,175.1,21.1,1.7,1.1,16.4,2.4,5.2,27.75,10.09
Latitude 64,Bryce,9,6,-2,2,176,21.2,1.7,1.1,17.2,2,5.2,28.25,10.66
Latitude 64,Caltrop,2,2,0,2,174.3,21,1.9,1.5,19.1,1,7.1,64,10.66
Latitude 64,Claymore,5,5,-1,1,180.1,21.7,1.9,1.2,18.9,1.4,5.5,42.5,8.39
Latitude 64,Compass,5,5,0,1,179.3,21.6,2.3,1.3,19,1.3,6,42.75,10.77
Latitude 64,Core,6,5,-0.5,1,180.1,21.7,2,1.2,18.9,1.4,5.5,48,8.5
Latitude 64,Culverin,9,5,-0.5,3,176,21.2,2,1.1,17,2,5.2,31.25,11.91
Latitude 64,Cutlass,13,5,0,3.5,175.1,21.1,1.7,1.2,16.6,2.2,5.7,28.75,10.43
Latitude 64,Dagger,2,5,0,1,175.1,21.1,2.1,1.5,19.1,1,7.1,75.25,4.65
Latitude 64,Diamond,8,6,-3,1,175.1,21.1,1.4,1.1,17.4,1.8,5.2,30,6.92
Latitude 64,Explorer,7,5,0,2,176,21.2,1.7,1.1,17.7,1.8,5.2,32.75,10.21
Latitude 64,Falchion,8,5,-1,2,175.1,21.1,1.6,1.1,17.3,1.9,5.2,34.5,11
Latitude 64,Flow,11,6,-0.5,2,175.1,21.1,1.8,1.2,16.8,2.2,5.7,27.75,11.11
Latitude 64,Fuji,4,4,0,2,180.1,21.7,1.8,1.2,18.9,1.3,5.5,42.75,8.96
Latitude 64,Fury,9,6,-2,2,176,21.2,1.8,1.1,17.4,1.9,5.2,36.75,9.98
Latitude 64,Gauntlet,2,4,0,1,176,21.2,2.1,1.5,19,1.1,7.1,61.75,7.94
Latitude 64,Gladiator,13,5,0,3.5,175.1,21.1,1.7,1.1,16.5,2.3,5.2,28.5,12.02
Latitude 64,Gobi,6,5,-0.5,1,180.1,21.7,1.8,1.3,18.8,1.4,6,37.5,10.43
Latitude 64,Halo,13,5,-0.5,3,176,21.2,1.4,1.1,16.3,2.4,5.2,26.25,11.11
Latitude 64,Havoc,13,5,-1,3,175.1,21.1,1.7,1.1,16.6,2.3,5.2,28,12.02
Latitude 64,Jade,9,6,-2,1,174.3,21,1.8,1.1,17.3,1.9,5.2,30,8.85
Latitude 64,Knight,14,4,-1.5,3,175.1,21.1,1.6,1.1,16.2,2.5,5.2,28.25,10.89
Latitude 64,Macana,2,5,0,1,175.1,21.1,2.1,1.4,18.9,1.1,6.6,74,8.73
Latitude 64,Mace,5,5,0,2,180.9,21.8,2.1,1.3,19.2,1.3,6,38.75,8.39
Latitude 64,Maul,7,7,-2,1,177.6,21.4,2,1.1,17.7,1.8,5.1,33,7.48
Latitude 64,Medius,5,5,-1,2,178.5,21.5,2.4,1.2,18.8,1.4,5.6,42.5,9.64
Latitude 64,Mercy,2,4,0,1,176,21.2,2.1,1.5,19.1,1.1,7.1,61.5,7.94
Latitude 64,Missilen,15,3,-0.5,4.5,177.6,21.4,1.7,1.1,16.4,2.5,5.1,28,9.07
Latitude 64,Musket,10,5,-1,3,176,21.2,1.8,1.1,17.1,2,5.2,28.5,10.55
Latitude 64,Pain,4,4,0,4,180.1,21.7,2,1.4,18.9,1.4,6.5,40.75,9.98
Latitude 64,Pearl,4,6,-4,0,179.3,21.6,1.8,1.2,19.2,1.2,5.6,49.25,4.2
Latitude 64,Pioneer,9,3,0,4,176,21.2,1.5,1.2,17.3,1.9,5.7,27,11.57
Latitude 64,Primitus,9,5,0,2,174.3,21,2.3,1.2,17,2,5.7,27,11.57
Latitude 64,Pure,3,3,-1,1,176,21.2,1.8,1.4,19.2,1,6.6,48.25,6.69
Latitude 64,Raketen,15,4,-2,3,175.1,21.1,1.7,1.1,16.3,2.4,5.2,26.5,10.21
Latitude 64,Recoil,12,4,0,3,176,21.2,1.8,1.2,16.8,2.2,5.7,26,11.22
Latitude 64,Riot,11,4,-1,2,176,21.2,1.9,1.2,16.8,2.2,5.7,30,8.73
Latitude 64,River,7,7,-1,1,178.5,21.5,1.9,1.2,17.8,1.8,5.6,30.5,9.07
Latitude 64,River Pro,6,5,0,2,177.6,21.4,1.8,1.3,17.8,1.8,6.1,34,10.87
Latitude 64,Ruby,3,5,-3,1,178.5,21.5,1.9,1.4,19.5,1,6.5,69,3.86
Latitude 64,Saint,9,7,-1,2,176,21.2,1.9,1.2,17.4,1.9,5.7,29.25,8.85
Latitude 64,Saint Pro,8,5,-0.5,2,176,21.2,2,1.2,17.5,1.8,5.7,33,8.16
Latitude 64,Sarek,2,4,0,1.5,176,21.2,2.2,1.5,19,1.1,7.1,61,8.39
Latitude 64,Scythe,12,3,0,4,175.1,21.1,1.5,1.1,16.6,2.2,5.2,29,10.66
Latitude 64,Spark,7,4,-0.5,3,176,21.2,1.5,1.1,17.4,1.9,5.2,34,9.3
Latitude 64,Spike,4,3,-1,1,176,21.2,1.8,1.3,19.2,1,6.1,56.25,4.65
Latitude 64,Stiletto,13,3,0.5,5,176.8,21.3,1.7,1.1,16.4,2.4,5.2,26.75,9.98
Latitude 64,Striker,8,5,0,2,177.6,21.4,1.6,1.2,17.6,1.9,5.6,29,11.68
Latitude 64,Trident,6,4,-0.5,3,177.6,21.4,1.4,1.1,17.6,1.9,5.1,36.75,11.11
Latitude 64,Villain,12,4,0,4,175.1,21.1,1.7,1.2,16.8,2.1,5.7,28,10.41
Latitude 64,Vision,8,6,-2,2,175.1,21.1,1.9,1.1,17.4,1.8,5.2,33,12.25
Latitude 64,XXX,7,3,0,4,178.5,21.5,1.5,1.1,17.5,2,5.1,32.5,12.02
Latitude 64,Zion,9,4,-0.5,3,176,21.2,1.7,1.1,17.2,2,5.2,28,9.75
Legacy Discs,Aftermath,13,4,-2,3,176,21.2,1.7,1.1,16.3,2.5,5.2,29,9.19
Legacy Discs,Bandit,9,5,-2,1,176.8,21.3,1.5,1.1,17.3,2,5.2,30.75,7.6
Legacy Discs,Cannon,14,5,-2.5,3,175.1,21.1,1.8,1.2,16.1,2.5,5.7,26,10.43
Legacy Discs,Clozer,2,3,0,2,176,21.2,2.1,1.4,19.4,0.9,6.6,58.25,8.73
Legacy Discs,Clutch,2,3,0,1,176,21.2,2,1.4,19.4,0.9,6.6,49.5,6.92
Legacy Discs,Enemy,9,3,0,4,175.1,21.1,1.9,1.2,17.2,1.9,5.7,32.5,9.19
Legacy Discs,Fighter,10,3,0,4,176,21.2,1.7,1.2,17.1,2,5.7,27.75,11.34
Legacy Discs,Gauge,5,5,0,1,180.9,21.8,2.2,1.4,19.4,1.2,6.4,48.25,7.03
Legacy Discs,Ghost,4,5,0,3,180.1,21.7,2,1.3,19.3,1.2,6,42.75,5.44
Legacy Discs,Hunter,3,4,0,0,176,21.2,1.4,1.4,19.4,0.9,6.6,54.75,5.9
Legacy Discs,Mongoose,9,5,-3,1,176.8,21.3,1.5,1.1,17.3,2,5.2,30.5,7.82
Legacy Discs,Nemesis,10,6,-4,2,176.8,21.3,1.5,1.1,17.3,2,5.2,29,7.82
Legacy Discs,Outlaw,12,5,-1,3,174.3,21,1.6,1.1,16.4,2.3,5.2,29,12.13
Legacy Discs,Outlaw ,12,5,-1,3,175.1,21.1,1.6,1.1,16.4,2.3,5.2,29,10.43
Legacy Discs,Patriot,7,5,-2,1,176,21.2,1.8,1.1,17.6,1.8,5.2,28.25,12.02
Legacy Discs,Phenom,8,5,-1,2,176,21.2,1.7,1.2,17.7,1.8,5.7,33.25,8.16
Legacy Discs,Prowler,2,3,0,1.5,176,21.2,2.2,1.4,19.4,0.9,6.6,61.5,6.01
Legacy Discs,Pursuit,5,3,0,3,176.8,21.3,1.6,1.3,18.3,1.5,6.1,44,9.19
Legacy Discs,Rampage,14,5,-1,4,175.1,21.1,1.8,1.2,16.1,2.5,5.7,26,10.55
Legacy Discs,Recluse,4,3,0,4,176.8,21.3,1.6,1.3,18.3,1.5,6.1,44,9.07
Legacy Discs,Recon,13,5,-1,3,176,21.2,1.7,1.1,16.4,2.4,5.2,28.75,8.05
Legacy Discs,Rival,7,5,0,2,176.8,21.3,2,1.2,17.8,1.8,5.6,29.25,11.11
Lightning Discs,#1 Flyer,8,5,-2,2,177.6,21.4,1.5,1.1,18.2,1.6,5.1,27.75,9.75
Lightning Discs,#1 Helix,8,4,-1,3,178.5,21.5,1.6,1.3,18.3,1.6,6,31.25,10.87
Lightning Discs,#1 Hyzer,7,3,0,4,180.1,21.7,1.8,1.3,18.1,1.8,6,29.25,10.66
Lightning Discs,#1 Roller,7,3,-2,1,180.1,21.7,1.7,1.1,18.1,1.8,5.1,30.75,8.62
Lightning Discs,#2 Driver,8,5,-2,2,177.6,21.4,2,1.2,18.2,1.6,5.6,29,12.02
Lightning Discs,#2 Helix,8,5,-1,3,176,21.2,1.7,1.4,17.8,1.7,6.6,34,7.48
Lightning Discs,#2 Hookshot,5,5,-1,3,178.5,21.5,2.1,1.1,18.9,1.3,5.1,40,6.4
Lightning Discs,#2 Hyzer,5,5,1,4,175.1,21.1,2,1.2,17.9,1.6,5.7,29,11.57
Lightning Discs,#2 Putter,1,2,-2,1,180.9,21.8,2.6,1.6,19.8,1,7.3,53.75,4.2
Lightning Discs,#2 Slice,6,5,-3,1,179.3,21.6,2,1.1,19,1.3,5.1,27.25,6.69
Lightning Discs,#2 Upshot,2,3,-1,1,177.6,21.4,2,1.5,19.6,0.9,7,51.25,6.01
Lightning Discs,#4 Driver,7,4,-1,2,176,21.2,1.7,1.1,17.9,1.7,5.2,26.75,8.05
Millennium Golf Discs,Aquarius,10,5,-4,2,174.3,21,1.9,1.2,17,2,5.7,30,10.66
Millennium Golf Discs,Aries,11,6,-3,1,175.1,21.1,1.6,1.1,16.9,2.1,5.2,28,10.89
Millennium Golf Discs,Astra,11,5,-2,2,175.1,21.1,1.5,1.2,16.7,2.2,5.7,28.25,8.28
Millennium Golf Discs,Aurora MF,4,5,-1,1,180.1,21.7,2.1,1.4,19.4,1.2,6.5,38.75,8.16
Millennium Golf Discs,EXP,7,3,0,4,175.1,21.1,1.6,1.2,17.5,1.8,5.7,28.25,9.87
Millennium Golf Discs,JLS,8,5,-2,2,174.3,21,1.5,1.1,17.8,1.6,5.2,30.75,8.73
Millennium Golf Discs,Marksman,9,4,-1,2,175.1,21.1,1.6,1.2,17.2,1.9,5.7,29,11.23
Millennium Golf Discs,Moab,6,4,1,5,175.1,21.1,1.7,1.2,18.4,1.8,5.7,38.25,7.94
Millennium Golf Discs,Mortar,5,4,0,3,176,21.2,1.9,1.4,18.4,1.4,6.6,56.75,5.78
Millennium Golf Discs,Omega,2,3,-1,1,175.1,21.1,2,1.5,19.3,0.9,7.1,55.75,1.36
Millennium Golf Discs,Omega SuperSoft Putter Big Bead,2,3,-1,1,176,21.2,2.1,1.5,19.4,0.9,7.1,55.75,3.52
Millennium Golf Discs,Orion LF,9,5,-1,3,175.1,21.1,1.5,1.2,17.4,1.9,5.7,27.25,10.32
Millennium Golf Discs,Orion LS,9,5,-2,2,175.1,21.1,1.4,1.2,17.3,1.9,5.7,32.25,12.02
Millennium Golf Discs,Polaris LF,9,5,-2,2.5,175.1,21.1,1.9,1.1,17.9,1.6,5.2,28.5,10.55
Millennium Golf Discs,Polaris LS,8,5,-2,1,175.1,21.1,1.9,1.1,17.9,1.6,5.2,35,10.66
Millennium Golf Discs,QJLS,8,5,-2,2,176,21.2,1.8,1.1,18,1.6,5.2,30.75,9.19
Millennium Golf Discs,Quasar,13,5,-1,4,176,21.2,1.6,1.2,16.2,2.5,5.7,27.25,12.13
Millennium Golf Discs,Scorpius,13,4,-1,3,175.1,21.1,1.7,1.2,16.3,2.4,5.7,26.25,9.41
Millennium Golf Discs,Sentinel MF,5,4,0,4,180.1,21.7,2.1,1.2,19.1,1.3,5.5,27.5,6.24
Millennium Golf Discs,Tank - Panzer,2,2,0,2,176,21.2,2.1,1.4,18.8,1.2,6.6,59.75,5.56
Millennium Golf Discs,Taurus,4,4,0,4,180.1,21.7,2,1.5,19,1.4,6.9,66.75,9.07
Millennium Golf Discs,Veteran,7,4,0,1,175.1,21.1,1.8,1.2,17.5,1.8,5.7,29,8.73
Mint Discs,Alpha,8,4,0,2,175.1,21.1,2.1,1.2,17.1,2,5.7,30.5,8.39
MVP Disc Sports,Amp,8,5,-1.5,1,174.3,21,1.7,1.1,17.2,1.9,5.2,26,11
MVP Disc Sports,Anode,3,3,0,0.5,174.3,21,2.1,1.4,18.9,1.1,6.7,54,6.8
MVP Disc Sports,Atom,3,3,0,1,175.1,21.1,1.9,1.4,18.8,1.1,6.6,60.75,7.82
MVP Disc Sports,Axis,5,5,-1,1,180.9,21.8,2.1,1.3,19.2,1.3,6,43.75,7.37
MVP Disc Sports,Catalyst,13,6,-2,2,175.1,21.1,1.9,1.2,16.3,2.4,5.7,30,11.11
MVP Disc Sports,Deflector,5,4,0,4,178.5,21.5,2,1.3,18.3,1.6,6,40,10.77
MVP Disc Sports,Dimension,14,5,0,3,174.3,21,1.8,1.2,16,2.5,5.7,27.75,11.68
MVP Disc Sports,Energy,13,4,0,4,175.1,21.1,2.1,1.2,16.3,2.4,5.7,26,11.91
MVP Disc Sports,Impulse,9,5,-3,1,174.3,21,1.4,1.2,17,2,5.7,28.75,10.89
MVP Disc Sports,Inertia,9,5,-2,2,175.1,21.1,1.4,1.2,17.1,2,5.7,27.25,11.91
MVP Disc Sports,Ion,3,3,0,1.5,174.3,21,1.9,1.6,18.8,1.1,7.6,62.5,2.83
MVP Disc Sports,Limit,14,4,0,4,175.1,21.1,1.8,1.2,16,2.5,5.7,27.25,11.91
MVP Disc Sports,Matrix,5,4,-1,2,178.5,21.5,1.6,1.4,18.7,1.4,6.5,46.5,9.75
MVP Disc Sports,Motion,9,4,0,4,174.3,21,1.4,1.2,17,2,5.7,30.25,12.02
MVP Disc Sports,Nitro,13,4,-0.5,3,176,21.2,1.9,1.2,16.3,2.4,5.7,26.75,11.57
MVP Disc Sports,Octane,13,5,-1,2,175.1,21.1,1.7,1.2,16.3,2.4,5.7,27.25,11.87
MVP Disc Sports,Orbital,11,5,-4.5,1,175.1,21.1,1.4,1.1,16.7,2.2,5.2,28.5,10.77
MVP Disc Sports,Particle,3,3,0,2.5,175.1,21.1,2,1.4,18.8,1.1,6.6,61.25,8.28
MVP Disc Sports,Phase,11,4,0,4,175.1,21.1,1.4,1.1,16.7,2.2,5.2,29.5,11.25
MVP Disc Sports,Photon,11,5,-1,2.5,175.1,21.1,1.4,1.1,16.6,2.2,5.2,26.75,11.57
MVP Disc Sports,Relativity,14,6,-3,1.5,175.1,21.1,1.9,1.2,16,2.5,5.7,27.25,11.77
MVP Disc Sports,Relay,6,5,-2,1,175.1,21.1,1.5,1.2,17.7,1.7,5.7,35.75,8.16
MVP Disc Sports,Resistor,7,4,0,3.5,175.1,21.1,1.5,1.2,17.5,1.7,5.7,31.75,10.21
MVP Disc Sports,Servo,7,5,-1,2,175.1,21.1,1.4,1.2,17.5,1.8,5.7,32,11.45
MVP Disc Sports,Shock,8,5,0,2.5,175.1,21.1,1.6,1.1,17.2,1.9,5.2,29.75,12.13
MVP Disc Sports,Signal,6,5,-3,1,175.1,21.1,1.5,1.2,17.7,1.2,5.7,35.5,11.11
MVP Disc Sports,Spin,3,4,-2,0,174.3,21,1.9,1.5,18.8,1.1,7.1,60.75,7.37
MVP Disc Sports,Switch,7,5,-1.5,1,175.1,21.1,1.4,1.2,17.5,1.8,5.7,31,10.66
MVP Disc Sports,Tangent,4,4,-0.5,0.5,178.5,21.5,2.1,1.3,19.1,1.2,6,54.5,7.94
MVP Disc Sports,Teleport,14,5,-1.5,2.5,175.1,21.1,1.9,1.2,16,2.5,5.7,27.75,11.11
MVP Disc Sports,Tensor,4,4,0,2.5,178.5,21.5,2,1.3,19.1,1.2,6,46.75,7.82
MVP Disc Sports,Tesla,9,5,-1,2,174.3,21,1.4,1.2,17,2,5.7,26.5,11.68
MVP Disc Sports,Vector,5,4,0,2,180.1,21.7,2.1,1.3,19.1,1.3,6,36.5,4.99
MVP Disc Sports,Vertex,4,4,-2,0.5,178.5,21.5,1.9,1.3,19,1.2,6,46.75,7.48
MVP Disc Sports,Volt,8,5,-0.5,2,175.1,21.1,1.6,1.1,17.1,2,5.2,28.25,10.09
MVP Disc Sports,Wave,11,5,-2,2,175.1,21.1,1.4,1.1,16.6,2.2,5.2,29.25,11
Obsidian Discs Oy,Caldera,12,5,-1,2,176,21.2,1.7,1.2,16.7,2.3,5.7,26,8.62
Obsidian Discs Oy,Cinder,7,5,0,2,176,21.2,2.2,1.3,17.5,1.9,6.1,30.25,9.64
Obsidian Discs Oy,Rift,11,5,0,3,176,21.2,1.5,1.2,17,2.1,5.7,29,10.32
Obsidian Discs Oy,Shard,7,5,-1.5,1,176,21.2,1.5,1.2,17.4,1.9,5.7,28,9.19
Obsidian Discs Oy,Splinter,3,2,0,3.5,176.8,21.3,2.4,1.5,19.2,1,7,71.25,7.82
Ozone Discs,Andro 1,6,4,-1,2,178.5,21.5,1.8,1.3,18.5,1.5,6,26,12.02
Ozone Discs,Andro C,6,4,0,2,177.6,21.4,1.5,1.3,18.4,1.5,6.1,31.25,7.26
Ozone Discs,Andro C ,6,4,-2,1,179.3,21.6,1.5,1.3,18.6,1.5,6,31.25,3.4
Ozone Discs,Hyperion,11,4,0,4,174.3,21,1.6,1.1,16.7,2.2,5.2,26,9.19
Prodigy Disc,A1,3,3,0,3,174.3,21,2,1.3,18.2,1.4,6.2,41.75,8.62
Prodigy Disc,A2,4,4,0,3,174.3,21,2,1.3,18.2,1.4,6.2,41.75,8.5
Prodigy Disc,A3,4,4,0,3,174.3,21,2,1.3,18.2,1.4,6.2,50.25,8.39
Prodigy Disc,A4,4,4,-1,2,174.3,21,2,1.3,18.2,1.4,6.2,61.75,9.64
Prodigy Disc,D1,13,5,0,3,174.3,21,1.9,1.2,16.3,2.3,5.7,26.75,11.57
Prodigy Disc,D2,12,6,-1,3,174.3,21,1.9,1.2,16.3,2.3,5.7,30.5,11.34
Prodigy Disc,D3,13,6,-2,2,174.3,21,1.7,1.2,16.3,2.3,5.7,30.25,12.02
Prodigy Disc,D4,12,6,-3,2,174.3,21,1.9,1.2,16.3,2.3,5.7,30,12.13
Prodigy Disc,D5,12,6,-3.5,2,175.1,21.1,1.6,1.2,16.3,2.4,5.7,29.75,5.67
Prodigy Disc,D6,12,6,-4,1,174.3,21,1.6,1.2,16.2,2.4,5.7,26.75,9.41
Prodigy Disc,F1,7,4,0,3,176.8,21.3,1.5,1.1,17.7,1.8,5.2,27.25,6.8
Prodigy Disc,F2,7,5,-1,3,176.8,21.3,1.5,1.1,17.7,1.8,5.2,32.75,6.69
Prodigy Disc,F3,7,5,-1,2,176.8,21.3,1.5,1.1,17.7,1.8,5.2,31.5,7.37
Prodigy Disc,F5,7,5,-2,1,176.8,21.3,1.9,1.2,17.7,1.8,5.6,35.75,8.5
Prodigy Disc,F7,7,5,-3,1,176.8,21.3,1.5,1.1,17.8,1.8,5.2,37,7.48
Prodigy Disc,H1,10,3,0,4,176.8,21.3,1.8,1.2,17.4,1.9,5.6,31.75,8.28
Prodigy Disc,H1,11,4,0,3,177.6,21.4,1.6,1.2,17.4,2,5.6,28,9.19
Prodigy Disc,H2,9,5,0,2,176.8,21.3,1.7,1.2,17.5,1.9,5.6,30.75,8.05
Prodigy Disc,H2 V2,11,5,0,2.5,177.6,21.4,1.6,1.2,17.4,2,5.6,28,8.39
Prodigy Disc,H3,9,4,0,2,176.8,21.3,1.7,1.2,17.3,2,5.6,34.5,9.3
Prodigy Disc,H3 V2,11,5,-1,2,176.8,21.3,1.8,1.2,17.3,2,5.6,30.75,9.19
Prodigy Disc,H4,9,5,-2,1.5,176.8,21.3,1.8,1.2,17.4,1.9,5.6,41.75,8.73
Prodigy Disc,H5,9,5,-3,1,176.8,21.3,1.7,1.2,17.4,2,5.6,37.5,9.3
Prodigy Disc,M1,5,4,0,3,180.1,21.7,2,1.3,18.9,1.4,6,39.25,8.39
Prodigy Disc,M2,5,4,0,2,180.1,21.7,2,1.3,18.9,1.4,6,41,8.28
Prodigy Disc,M3,5,5,-1,2,180.1,21.7,1.9,1.3,18.9,1.4,6,43.25,8.39
Prodigy Disc,M4,5,5,-1,1,180.1,21.7,2,1.3,18.9,1.4,6,52,8.85
Prodigy Disc,M5,5,5,-3,1,180.1,21.7,2.2,1.3,19,1.3,6,46.5,8.85
Prodigy Disc,PA1,3,3,0,2,174.3,21,1.9,1.4,19,1,6.7,57.5,6.01
Prodigy Disc,PA2,3,3,0,1,175.1,21.1,1.9,1.4,19.1,1,6.6,47.5,11.91
Prodigy Disc,PA3,3,4,0,1,174.3,21,2,1.4,18.9,1,6.7,66,9.41
Prodigy Disc,PA4,3,3,-1,1,174.3,21,1.9,1.4,19,1,6.7,69.25,6.46
Prodigy Disc,X1,13,3,0,4,174.3,21,1.5,1.2,16.3,2.3,5.7,27.5,11.79
Prodigy Disc,X2,13,4,0,4,175.1,21.1,1.8,1.1,16.6,2.2,5.2,26,8.16
Prodigy Disc,X3,12,5,-1,2,175.1,21.1,1.7,1.1,16.6,2.2,5.2,30.5,8.73
Prodigy Disc,X4,13,5,-2.5,2,176,21.2,1.7,1.1,16.6,2.3,5.2,27,9.3
Prodigy Disc,X5,13,5,-4,1,175.1,21.1,1.9,1.1,16.6,2.2,5.2,28.25,7.94
Prodiscus,FASTi,13,4,-2,2.5,175.1,21.1,1.6,1.1,17.1,2.3,5.2,26.75,10.66
Prodiscus,FLIPPERi,9,3,-3,0,176,21.2,1.7,1.2,17.2,2,5.7,26,10.77
Prodiscus,Jokeri,4,3,0,2,176,21.2,1.8,1.5,19,1.1,7.1,54,6.92
Prodiscus,Laseri,7,3,-3,2,175.1,21.1,1.6,1.1,17.2,1.9,5.2,32.25,6.24
Prodiscus,Legenda,13,5,-1,2,174.3,21,1.5,1.1,16.3,2.4,5.2,26.75,5.44
Prodiscus,Midari,5,4,-1,2,179.3,21.6,1.8,1.5,18.8,1.4,6.9,37.5,4.88
Prodiscus,Razeri,12,5,0,3,175.1,21.1,1.5,1.1,16.4,2.3,5.2,27.25,9.41
Prodiscus,Respecti,8,4,0,2,174.3,21,1.8,1.3,17.2,1.9,6.2,33.25,7.03
Prodiscus,Rocket,9,4,0,3,176,21.2,1.7,1.3,17.3,1.9,6.1,30,8.62
Prodiscus,Slaidi,12,5,0,3,175.1,21.1,2,1.2,16.8,2.2,5.7,30.5,7.71
Prodiscus,Sparta,3,3,0,0.5,176.8,21.3,2,1.6,19.2,1,7.5,59.75,5.78
Prodiscus,STARi,5,4,-2,1,179.3,21.6,1.9,1.4,18.9,1.3,6.5,45,7.03
Prodiscus,Titan,10,4,0,3,176,21.2,1.6,1.2,17.3,1.9,5.7,32.75,9.53
Reptilian Disc Golf,Gila,5,4,0,3,174.3,21,1.6,1.2,19.2,1.4,5.7,36.5,11.23
Reptilian Disc Golf,Scale,2,1,0,3,174.3,21,2.2,1.5,19,1,7.1,68,10.43
Reptilian Disc Golf,Serpent,2,2,0,0,174.3,21,2.2,1.5,19.1,1,7.1,86.75,4.88
Reptilian Disc Golf,Stego,3,1,1,4,176.8,21.3,1.8,1.2,19.3,1,5.6,74,9.19
Reptilian Disc Golf,Tyrant,7,3,0,4,176,21.2,1.4,1.1,17.6,1.8,5.2,28,8.62
Rip Disc Golf,Ballistic,13,4,-2,3,175.1,21.1,2,1.2,16.4,2.4,5.7,33.25,11.45
Rip Disc Golf,Graboide,2,1,0,3,176,21.2,2.5,1.7,18.6,1.3,8,73,7.94
Rip Disc Golf,Relic,2,2,-2,2,176,21.2,2.4,1.7,18.6,1.3,8,76.5,8.51
RPM Discs,Arcturus,4,5,-0.5,0.5,180.9,21.8,2,1.2,19.2,1.3,5.5,38.25,3.86
RPM Discs,Kahu,13,5,-1.5,3,174.3,21,1.5,1.1,16.2,2.4,5.2,31.5,10.87
RPM Discs,Kea,5,5,0,3,176,21.2,1.9,1.4,18,1.4,6.6,62.75,11.11
RPM Discs,Kiwi,10,5,-1.5,2,175.1,21.1,1.4,1.2,17.1,2,5.7,26.25,8.05
RPM Discs,Ruru,3,3,0,1,174.3,21,2.3,1.6,18.9,1,7.6,72.75,8.28
RPM Discs,Tui,3,4,-1,0,175.1,21.1,1.8,1.4,19.3,0.9,6.6,44.25,4.76
Salient Discs,Antidote,5,5,0,1,178.5,21.5,2,1.3,18.9,1.3,6,43.25,6.69
Salient Discs,Backdraft,12,5,-1,2,176.8,21.3,2,1.3,16.4,2.4,6.1,30.5,8.05
Salient Discs,Touch,2,3,0,1,176,21.2,2,1.4,17.8,1.2,6.6,54.75,5.1
Salient Discs,Vein,8,4,0,2,176.8,21.3,1.9,1.3,17.4,1.8,6.1,27.75,7.94
Skyiron,Flagship,11,4,-3,2,178.5,21.5,1.3,1.1,17.2,2.2,5.1,26.25,9.98
Skyquest Discs,Chainzilla,2,3,-1,1,176,21.2,2.2,1.7,19.2,1,8,56,4.42
Skyquest Discs,L13,10,5,-3,2,176,21.2,1.5,1.1,17,2.1,5.2,26.75,6.46
Skyquest Discs,L13 ,10,5,-3,2,175.1,21.1,1.5,1.1,16.9,2.1,5.2,26.75,6.35
Skyquest Discs,Medusa,11,3,-2,2,176,21.2,1.5,1.1,17,2.1,5.2,29.25,5.33
Snap Discsports,Helios,10,5,-2,1,180.1,21.7,1.6,1.2,17,2.3,5.5,28.5,11.79
Storm Disc Golf,Jet Stream,12,5,-1,3,174.3,21,1.7,1.2,16.5,2.3,5.7,26.5,8.28
Storm Disc Golf,The Crater,3,2,0,3,175.1,21.1,1.8,1.3,19,1.1,6.2,79.25,7.71
Streamline Discs,Drift,7,5,-2,1,176,21.2,1.8,1.2,17.7,1.8,5.7,33,9.3
Streamline Discs,Pilot,2,5,-1,1,176,21.2,1.9,1.5,18.2,1,7.1,64,11.11
Streamline Discs,Runway,5,4,0,3.5,178.5,21.5,1.7,1.4,18.6,1.4,6.5,47.25,9.87
Streamline Discs,Trace,11,5,-1,2,176,21.2,1.7,1.2,16.8,2.2,5.7,31.25,9.98
TOBU Discs,Charge,9,4,-1,2,175.1,21.1,1.5,1.1,17.6,1.7,5.2,27,8.39
TOBU Discs,Power Roller,8,4,-3,1,175.1,21.1,1.4,1.1,17.5,1.8,5.2,29.5,7.94
UB Disc Golf - Hand Candy,Lex,2,3,0,1,177.6,21.4,2.1,1.6,19.6,0.9,7.5,77,4.54
UB Disc Golf - Hand Candy,Monstrum,11,5,0,3,175.1,21.1,1.5,1.3,16.4,2.4,6.2,31.25,7.26
UB Disc Golf - Hand Candy,Procul,12,4,-3,2,175.1,21.1,1.6,1.3,16.4,2.3,6.2,27,8.28
Vibram Disc Golf,Arch,8,5,0,2,174.3,21,1.9,1.1,17.4,1.8,5.2,34,6.35
Vibram Disc Golf,Ascent,8,4,0,3,175.1,21.1,1.6,1.2,17.3,1.9,5.7,30,4.42
Vibram Disc Golf,Crag,4,4,0,3.5,177.6,21.4,2,1.4,18.6,1.4,6.5,31.75,4.65
Vibram Disc Golf,Four20,13,4,0,4,174.3,21,1.7,1.1,16.2,2.4,5.2,26,6.69
Vibram Disc Golf,Ibex,5,4,-1,1,178.5,21.5,2.4,1.3,18.9,1.3,6,46.25,7.14
Vibram Disc Golf,Lace,14,6,-1.5,1,174.3,21,1.8,1.1,16.2,2.4,5.2,28.5,8.05
Vibram Disc Golf,Launch,5,5,-1,2,177.6,21.4,2.1,1.3,18.8,1.3,6.1,51.25,4.76
Vibram Disc Golf,Notch,7,3,0,4,174.3,21,2,1.2,17.2,1.9,5.7,36.75,7.14
Vibram Disc Golf,O-Lace,13,5,-1,3,174.3,21,1.7,1.1,16.3,2.3,5.2,26,6.58
Vibram Disc Golf,Obex,5,4,-0.5,2.5,178.5,21.5,2.1,1.2,18.9,1.3,5.6,41,4.54
Vibram Disc Golf,Onyx,8,6,-3,1,174.3,21,1.8,1.1,17.3,1.8,5.2,30.75,5.33
Vibram Disc Golf,Ridge,2,3,0,1,175.1,21.1,2,1.6,19.3,0.9,7.6,61.25,8.05
Vibram Disc Golf,Solace,13,4,0,4,175.1,21.1,1.7,1.1,16.2,2.4,5.2,27,9.3
Vibram Disc Golf,Sole,2,3,0,2,176,21.2,2.3,1.5,19.2,1,7.1,58.75,5.1
Vibram Disc Golf,Summit,2,3,-1,0,175.1,21.1,1.9,1.2,19.2,0.9,5.7,61.25,0.56
Vibram Disc Golf,Trak,7,4,-1,2,174.3,21,1.7,1.2,17.2,1.9,5.7,33.25,6.12
Vibram Disc Golf,unLace,14,6,-5,1,175.1,21.1,1.9,1.1,16.3,2.4,5.2,28.75,6.21
Vibram Disc Golf,V.P.,2,3,0,2,175.1,21.1,2,1.6,19.1,0.9,7.6,66.75,4.76
Vibram Disc Golf,Valley,7,5,-1,1,174.3,21,1.9,1.1,17.4,1.8,5.2,31.25,5.22
Vibram Disc Golf,Vamp,7,5,-2,1,174.3,21,1.9,1.2,17.2,1.9,5.7,34.75,6.35
Viking Discs,Axe,4,3,0,1,176,21.2,2,1.3,19.2,1,6.1,57,8.16
Viking Discs,Barbarian,7,5,0,2,176.8,21.3,1.8,1.2,17.6,1.9,5.6,35.75,11.68
Viking Discs,Berserker,10,5,-3.5,1.5,176,21.2,1.7,1.2,17,2.1,5.7,28.75,9.53
Viking Discs,Cosmos,7,5,-0.5,1,174.3,21,1.6,1.1,17.4,1.8,5.2,28.5,9.41
Viking Discs,Knife,3,3,0,2,175.1,21.1,1.9,1.8,19.1,1,8.5,58.75,10.32
Viking Discs,Loki,4,2,0,2,177.6,21.4,1.9,1.3,18.5,1.5,6.1,44.5,8.62
Viking Discs,Nordic Warrior,4,4,0,2,178.5,21.5,2,1.4,18.7,1.4,6.5,36,12.25
Viking Discs,Ragnarok,11,5,-1,2,176,21.2,2.1,1.1,16.9,2.1,5.2,27.75,9.53
Viking Discs,Rune,2,4,0,0,176,21.2,2.1,1.6,19,1.1,7.5,55.5,9.07
Viking Discs,Thunder God Thor,14,5,0,2,174.3,21,1.7,1.2,16,2.5,5.7,28,12.02
Viking Discs,Valhalla,12,5,0,2,176.8,21.3,2,1.2,16.8,2.2,5.6,28,8.96
Westside Golf Discs,Ahti,9,3,0,4,176,21.2,1.7,1.1,17.2,2,5.2,28.75,9.98
Westside Golf Discs,Anvil,4,2,0,4,176.8,21.3,1.8,1.2,18.3,1.5,5.6,41.75,11.57
Westside Golf Discs,Bard,5,4,0,3,180.1,21.7,1.9,1.3,18.8,1.5,6,42.5,7.14
Westside Golf Discs,Boatman,11,5,0,2,177.6,21.4,1.9,1.3,17,2.2,6.1,29.5,10.32
Westside Golf Discs,Boatman VIP Air,10,5,0,2,177.6,21.4,1.9,1.3,17,2.2,6.1,29.5,10.66
Westside Golf Discs,Catapult,14,5,-0.5,3,175.1,21.1,1.6,1.1,16.6,2.3,5.2,27,10.87
Westside Golf Discs,Crown,3,4,0,1,176,21.2,2,1.4,19.2,1,6.6,54,12.02
Westside Golf Discs,Destiny,14,6,-2,3,176,21.2,1.6,1.1,16.6,2.3,5.2,28.5,10.66
Westside Golf Discs,Fortress,10,4,0,3,176,21.2,1.5,1.1,17.2,2,5.2,28,9.64
Westside Golf Discs,Giant,13,5,0,3.5,175.1,21.1,1.7,1.2,16.6,2.3,5.7,29.25,10.89
Westside Golf Discs,Giant VIP Air,13,4,0,3.5,175.1,21.1,1.7,1.2,16.6,2.3,5.7,29.25,10.43
Westside Golf Discs,Harp,4,3,0,2,176,21.2,1.6,1.4,19,1.1,6.6,65,11.79
Westside Golf Discs,Hatchet,9,6,-2,1.5,176.8,21.3,2,1.2,17.6,1.9,5.6,27,8.96
Westside Golf Discs,King,14,5,-2,3,175.1,21.1,1.9,1.1,16.5,2.3,5.2,29.25,10.55
Westside Golf Discs,King VIP Air,14,5,-1.5,3,176,21.2,1.8,1.1,16.5,2.3,5.2,29.25,8.39
Westside Golf Discs,Longbowman,9,4,0,3,176.8,21.3,1.6,1.1,17.7,1.8,5.2,36,10.77
Westside Golf Discs,Maiden,3,3,-1,1,176,21.2,1.8,1.3,19.2,1,6.1,57.75,11.79
Westside Golf Discs,Northman,10,5,-1,2,178.5,21.5,1.7,1.1,17.5,2,5.1,28.25,9.64
Westside Golf Discs,Northman VIP Air,10,5,-1,2,177.6,21.4,2,1.1,17.4,2,5.1,28.25,8.96
Westside Golf Discs,Pine,5,4,0,2,180.1,21.7,1.9,1.3,18.7,1.5,6,39.75,8.28
Westside Golf Discs,Queen,14,5,-3,2,176,21.2,1.5,1.1,16.6,2.3,5.2,29.5,9.19
Westside Golf Discs,Sampo,10,5,-0.5,2,176,21.2,1.9,1.2,17,2.1,5.7,34.75,7.14
Westside Golf Discs,Seer,7,5,-1.5,1.5,176,21.2,1.8,1.1,17.7,1.8,5.2,42.5,7.6
Westside Golf Discs,Shield,3,3,0,1,175.1,21.1,2.5,1.4,19,1,6.6,67,5.33
Westside Golf Discs,Sling,4,5,-0.5,1,180.9,21.8,1.8,1.2,19.3,1.3,5.5,41,8.39
Westside Golf Discs,Sorcerer,13,6,-1,2.5,176,21.2,1.6,1.1,16.7,2.3,5.2,32.25,9.64
Westside Golf Discs,Stag,8,6,-1,2,176,21.2,1.8,1.2,17.4,1.9,5.7,29.25,9.3
Westside Golf Discs,Stag VIP Air,8,6,-1,2,175.1,21.1,1.8,1.2,17.3,1.9,5.7,29.25,8.85
Westside Golf Discs,Swan,3,3,-1,0,175.1,21.1,1.9,1.4,19,1.1,6.6,55.75,7.82
Westside Golf Discs,Swan Reborn,3,3,-2.5,2,175.1,21.1,1.9,1.3,18.9,1.1,6.2,52.5,2.83
Westside Golf Discs,Sword,12,5,-1,2,176,21.2,1.8,1.2,16.8,2.2,5.7,28.75,9.41
Westside Golf Discs,Sword VIP Air,12,5,-0.5,2,175.1,21.1,1.7,1.2,16.7,2.2,5.7,28.75,8.96
Westside Golf Discs,Tursas,5,5,-2.5,1,180.1,21.7,1.7,1.3,18.9,1.4,6,42.5,7.82
Westside Golf Discs,Tursas VIP Air,5,5,-2,1,179.3,21.6,1.7,1.3,18.8,1.4,6,42.5,8.73
Westside Golf Discs,Underworld,7,6,-3,1,176.8,21.3,1.8,1.2,17.4,1.9,5.6,30.25,8.39
Westside Golf Discs,Underworld VIP Air,7,6,-3,1,176.8,21.3,1.6,1.2,17.4,1.9,5.6,30.25,8.85
Westside Golf Discs,War Horse,13,4,0,4,175.1,21.1,1.6,1.2,16.6,2.2,5.7,28,12.02
Westside Golf Discs,Warship,6,5,0,1,180.1,21.7,2.1,1.3,18.9,1.4,6,31,8.05
Westside Golf Discs,Warship VIP Air,5,6,0,1,180.1,21.7,1.9,1.3,18.9,1.4,6,31,7.37
Westside Golf Discs,World,14,4,0,3,176,21.2,1.6,1.2,16.3,2.4,5.7,28,10.55
Yikun Sports,Claws,1,2,0,0,176,21.2,2,1.7,19.4,0.9,8,85,7.14
Yikun Sports,Crossbow,4,2,0.5,4,176.8,21.3,1.6,1.3,18.2,1.6,6.1,42.75,9.64
Yikun Sports,Da'e,13,5,0,2,174.3,21,1.7,1.1,16.2,2.4,5.2,27.5,11.57
Yikun Sports,Gou,8,5,-4,1,176.8,21.3,1.8,1.2,17.4,1.9,5.6,33.75,10.87
Yikun Sports,Gui,2,3,0,2,175.1,21.1,1.8,1.5,19.1,1,7.1,59,8.39
Yikun Sports,Hammer,2,3,0,3,175.1,21.1,1.7,1.4,18.5,1.3,6.6,56.25,11.11
Yikun Sports,Hu,9,5,-2,2,176,21.2,1.8,1.1,17.4,1.9,5.2,31.75,11.34
Yikun Sports,Jiao,6,5,-2,1.5,176,21.2,1.6,1.1,18,1.6,5.2,32,5.56
Yikun Sports,Jun,11,5,-1,2,175.1,21.1,2,1.2,16.8,2.1,5.7,29.75,11.91
Yikun Sports,Kui,5,5,0,2.5,176,21.2,2.1,1.3,17.9,1.6,6.1,35.75,9.64
Yikun Sports,Lu,14,5,-1,3,176,21.2,1.4,1.1,16.4,2.4,5.2,31.25,7.94
Yikun Sports,Twin Swords,12,5,-0.5,2,176,21.2,1.9,1.2,16.4,2.4,5.7,26.5,8.05
Yikun Sports,View,6,4,-1,2,175.1,21.1,2,1.2,17.6,1.7,5.7,32.75,9.98
Yikun Sports,Wei,10,5,-2.5,2,175.1,21.1,1.7,1.1,17.1,2,5.2,30.25,10.55
Yikun Sports,Wings,3,3,0,2,176,21.2,1.8,1.2,19.2,1,5.7,56.75,7.48
Yikun Sports,Yao,4,4,0,2,179.3,21.6,1.9,1.4,18.8,1.4,6.5,39.75,12.02
ABC Discs,Flying Squirrel,5,5,-3,2,181.8,21.9,2,1.4,1.3,19.4,6.4,30.75,3.52
Loft Discs,Hydrogen,1,2,0,0,176,21.2,2.1,1.5,19.7,0.7,7.1,72.25,8.75
Cheengz,I-One,5,5,0,0,183.4,22.1,2,1.4,20.3,0.9,6.3,65.25,4.32
Elevation Disc Golf,Interceptor,5,4,-1,2,175.1,21.1,1.5,1.1,18.2,1.4,5.2,49.5,0.91
Discmania,Tilt,9,1,1,6,175.1,21.1,1.6,1.2,17.1,2,5.7,29.25,12.05
Wild Discs,Orca,12,5,-1.5,2,176,21.2,1.4,1.1,16.6,2.3,5.2,28.5,11.59
Wild Discs,Addax,5,5,0,1,180.1,21.7,1.7,1.3,18.7,1.5,6,39.25,11.7
Lone Star Disc,Mad Cat,9,5,0,2,176,21.2,1.8,1.2,17.4,1.9,5.7,30,5.23
Lone Star Disc,The Harpoon,4,3,0,2,178.5,21.5,1.7,1.2,19.1,1.2,5.6,54.25,6.93
Latitude 64,Trust,5,5,0,2,180.1,21.7,1.9,1.3,19.1,1.3,6,43.75,10.57
Latitude 64,Grace,11,6,-1,2,175.1,21.1,1.6,1.1,16.6,2.2,5.2,30.5,11.93
Hero Disc,Bullseye,2,3,0,2,175.1,21.1,1.8,1.4,19.1,1,6.6,60.75,7.95
Hero Disc,Stinger,4,3,0,2,176,21.2,1.9,1.3,19.2,1,6.1,51.5,7.36
Hero Disc,Maximus,7,6,-2,1,175.1,21.1,1.6,1.2,17.6,1.7,5.7,31.25,8.75
Discmania,Majesty,13,5,-2,2,174.3,21,1.7,1.2,16.2,2.4,5.7,27.25,10.34
Latitude 64,Rive,13,5,0,3.5,175.1,21.1,1.8,1.2,16.5,2.3,5.7,30,12.16
Latitude 64,Faith,2,3,0,1,176,21.2,2.2,1.5,19,1.1,7.1,59.5,12.05
EV-7,Penrose ,2,4,0,2,175.1,21.1,2.1,1.5,18.9,1.1,7.1,60.25,6.37
RPM Discs,Kotuku,5,5,0,2,180.1,21.7,1.7,1.4,19,1.4,6.5,48.75,11.02
Millennium Golf Discs,Omega4 ,2,3,0,1,175.1,21.1,2,1.5,19,1,7.1,58,8.86
Infinite Discs,Alpaca,3,3,0,1,175.1,21.1,2,1.5,19,1,7.1,63.75,8.52
Lone Star Disc,The Mockingbird (Ka Kaw),7,5,-2,1,174.3,21,2,1.2,17.5,1.8,5.7,28.75,7.16
Yikun Discs,Qi,13,6,-2,2,176,21.2,1.6,1.1,16.5,2.3,5.2,28.5,7.95
Viking Discs,Odin,12,5,-1,3,176.8,21.3,1.4,1.1,16.6,2.3,5.2,26,11.02
Viking Discs,Fenrir,10,4,0,3,176.8,21.3,1.8,1.1,17.3,2,5.2,29.75,10.68
Lone Star Disc,Middy,5,5,0,3,177.6,21.4,1.6,1.2,18.8,1.3,5.6,42.75,5.11
Lone Star Disc,Penny Putter ,3,4,0,2,174.3,21,1.9,1.5,18.8,1.1,7.1,61.5,6.7
Innova Champion Discs,Animal,2,1,0,1,176,21.2,2.1,1.3,19.2,1,6.1,64,9.66
Launch Disc Golf,Cipher,8,4,-1,2,179.3,21.6,1.8,1.2,17.9,1.8,5.6,32.75,7.05
Yikun Discs,Xing,2,4,0,1,176.8,21.3,2.1,1.7,19.3,1,8,71,6.82
Yikun Discs,Yan,3,6,0,0,181.8,21.9,2.2,1.4,19.7,1.1,6.4,49,9.77
Yikun Discs,Shu,4,5,-2,1,180.9,21.8,1.8,1.1,19.1,1.3,5,36.75,6.59
Yikun Discs,Fu,7,5,0,2,176.8,21.3,1.8,1.2,17.5,1.9,5.6,28.5,9.77
RPM Discs,Kotare,12,5,0,3,176,21.2,1.5,1.2,16.5,2.3,5.7,28.5,9.77
Fourth Circle Discs,Firehawk,8,5,-2,1,176.8,21.3,1.9,1.2,17.7,1.8,5.6,26.25,7.16
Mint Discs,Longhorn,11,4,-1,2.5,176.8,21.3,1.5,1.2,17,2.1,5.6,31,9.89
Launch Disc Golf,Lander,3,4,-0.5,2,174.3,21,1.8,1.4,18.6,1.2,6.7,49.25,11.36
Launch Disc Golf,Code,5.5,4,-0.5,2,176,21.2,1.6,1.2,18.3,1.4,5.7,32.5,11.14
Launch Disc Golf,Code X,5,3,0,3,176,21.2,1.6,1.2,18.3,1.4,5.7,36.75,10.68
Discmania,Origin,5,5,-1,1,177.6,21.4,1.6,1.2,18.8,1.3,5.6,46.5,11.59
Prodigy Disc,D Model US++,,,,,174.3,21,1.7,1.1,16.6,2.2,5.2,26.5,10.8
Prodigy Disc,D Model US+,,,,,174.3,21,1.8,1.1,16.5,2.2,5.2,26.25,12.05
Prodigy Disc,F Model US,10,5,-2,1,176.8,21.3,1.5,1.1,17.2,2.1,5.2,32,11.59
Prodigy Disc,F Model OS,10,5,2,4,176.8,21.3,1.6,1.1,17.1,2.1,5.2,39,7.47
Prodigy Disc,F Model OS+,,,,,176,21.2,1.7,1.1,17.1,2.1,5.2,34.25,12.25
Prodigy Disc,P Model US,3,5,-1,1,176.8,21.3,2,1.5,19.1,1.1,7,63.75,6.93
Prodigy Disc,M Model US,4,5,-1,1,180.9,21.8,1.9,1.5,19.1,1.3,6.9,53,8.86
Infinite Discs,Maya,11,5,-3,1,175.1,21.1,1.6,1.1,16.9,2.1,5.2,31,9.32
Guru,Flow Motion,,,,,175.1,21.1,1.9,1.5,19,1,7.1,66.5,8.64
Guru,Mad Mission,3,3,0,2,176,21.2,1.8,1.4,19.2,1,6.6,70.5,8.3
Guru,Inter Locked,,,,,176,21.2,2.1,1.6,19.6,0.8,7.5,91.75,7.5
Guru,Silent Cruiser,5,5,0,2.5,175.1,21.1,1.8,1.3,17.8,1.6,6.2,39.5,8.86
Guru,Night Trooper,7,6,-1,1,174.3,21,1.5,1.1,17.5,1.8,5.2,29.25,6.36
Guru,Short Slacker,11,5,-1,2,174.3,21,1.4,1.2,16.8,2.1,5.7,28.25,12.05
Guru,Super Soft Golf Disc,,,,,175.1,21.1,1.6,1.2,19.1,1,5.7,52.5,1.7
Thought Space Athletics,Animus,11,5,0,2,176,21.2,1.6,1.2,17,2.1,5.7,30,11.82
Thought Space Athletics,Pathfinder,5,5,0,1,178.5,21.5,1.7,1.3,18.6,1.4,6,43,10
Storm Disc Golf,Wall Cloud,5,5,0,3,181.8,21.9,2.1,1.3,18.8,1.5,5.9,31.25,8.41
Discmania,DD2,13,5,-2,2,174.3,21,1.8,1.1,16.4,2.3,5.2,31.75,10.68
Above Ground Level,Locust,9,4,-1,3,176,21.2,1.6,1.1,17.2,2,5.2,29.75,10.8
Kastaplast,Svea,5,6,-1,0,181.8,21.9,2.1,1.3,19.3,1.3,5.9,41.5,6.14
Disc Golf Association,Hypercane,13,4,0,4,176,21.2,1.6,1.2,16.7,2.2,5.7,26.5,11.93
Black Zombie Disc Golf,Shotgun,5,5,0,2,182.6,22,1.8,1.3,18.8,1.6,5.9,48.25,10.68
Disctroyer,Stork,8,5,0,1,176.8,21.3,1.7,1.2,17.5,1.9,5.6,33.75,11.7
Innova Champion Discs,Invader,3,2,0,1,176,21.2,1.9,1.5,19.1,1,7.1,67.75,6.6
Dynamic Discs,Sergeant,11,4,0,2.5,176,21.2,1.5,1.2,17,2.1,5.7,28.5,11.7
Infinite Discs,Inca,5,5,0,3,180.1,21.7,1.9,1.4,19,1.3,6.5,36.25,9.09
Above Ground Level,Baobab,4,1,1,3,176.8,21.3,1.7,1.3,19.1,1.1,6.1,86.5,7.39
Above Ground Level,Ponderosa,3,4,-2,0,175.1,21.1,2.1,1.5,19,1,7.1,69.75,4.66
Discmania,PD3,11,3,0,5,174.3,21,1.7,1.2,16.6,2.2,5.7,37,11.59
Storm Disc Golf,Maelstrom,11,5,-1,3,177.6,21.4,1.7,1.1,17.1,2.2,5.1,33.5,7.95
RPM Discs,Kiwi,10,4,0,3,175.1,21.1,1.9,1.2,16.7,2.2,5.7,26,10.57
Mint Discs,Bullet,2,4,0,1,176,21.2,1.8,1.5,18.9,1.1,7.1,58.75,9.32
Mint Discs,Mustang,5,5,0,2,178.5,21.5,1.6,1.3,18.6,1.4,6,44.5,8.41
Above Ground Level,Cedar,11,5,0,3,178.5,21.5,1.7,1.1,17.1,2.2,5.1,27.25,11.48
Discraft,Hades,12,6,-3,2,174.3,21,1.6,1.1,16.5,2.3,5.2,30,11.93
MVP Disc Sports,Reactor,5,5,-0.5,1.5,177.6,21.4,1.7,1.3,18.5,1.4,6.1,44.5,9.87
Discmania,Essence,8,6,-2,1,174.3,21,1.8,1.2,17.4,1.8,5.7,33.25,11.59
Innova Champion Discs,Rhyno X,2,1,0,4,176,21.2,2,1.3,19.1,1,6.1,63.5,8.52
Prodigy Disc,D Model #3,,,,,174.3,21,1.6,1.1,16.7,2.2,5.2,26.25,11.93
Prodigy Disc,D Model #5,,,,,174.3,21,1.6,1.1,16.7,2.2,5.2,28.25,11.36
Prodigy Disc,D Model OS,13,5,0,4,174.3,21,1.5,1.1,16.7,2.2,5.2,26,11.59
Prodigy Disc,M Model S,6,4,0,3,180.1,21.7,2,1.5,19.1,1.3,6.9,47.25,10.91
Prodigy Disc,D Model US,13,6,-3,1,174.3,21,1.6,1.1,16.7,2.2,5.2,28.25,11.36
Fourth Circle Discs,Dingo,5,4,0,3,178.5,21.5,1.6,1.3,18.9,1.3,6,45,11.59
MVP Disc Sports,Ohm,2,5,0,1,176,21.2,1.9,1.5,19.1,1,7.1,58,8.41
Discraft,Fierce,3,4,-2,0,175.1,21.1,1.9,1.5,19,1,7.1,63.5,10.45
Innova Champion Discs,Invictus,10,4,0,3,176,21.2,1.5,1.2,16.9,2.1,5.7,29,11.59
Innova Champion Discs,Warhog,3,3,0,1,176,21.2,2.2,1.4,18.4,1.4,6.6,55.75,11.48
Legacy Discs,Vengeance,10,5,0,2,176,21.2,1.7,1.2,17.2,2,5.7,33,8.86
XCOM Discs,Tau or Taurus,2,3,0,0,174.3,21,2.2,1.5,18.9,1.1,7.1,60.5,7.95
XCOM Discs,Gem,5,5,0,0,176.8,21.3,2,1.3,18.7,1.3,6.1,47.75,9.77
XCOM Discs,Capricornus,5,4,-2,0,179.3,21.6,1.9,1.4,18.9,1.3,6.5,41.25,7.61
XCOM Discs,Ophiuchus,7,5,-3,1,174.3,21,1.6,1.1,17.7,1.6,5.2,34,7.5
XCOM Discs,XPT5,10,4,-1,2,177.6,21.4,1.7,1.1,17.2,2.1,5.1,27,10.11
Kastaplast,Lots,9,5,-1,2,175.1,21.1,1.5,1.1,17.3,1.9,5.2,29.5,10.23
Discmania,Tactic,4,2,0,3,177.6,21.4,1.8,1.4,19.1,1.1,6.5,53,10.8
Crosslap,Vigil,8,6,-2,2,180.1,21.7,1.5,1.1,17.9,1.9,5.1,32.5,7.39
RPM Discs,Kotare,12,5,0,3,176,21.2,1.5,1.2,16.5,2.3,5.7,31.75,12.16
Discmania,Sensei,3,3,0,1,176.8,21.3,2.3,1.4,19.2,1,6.6,71,10.68
Dynamic Discs,Bounty,4,5,-1.5,0.5,181.8,21.9,1.8,1.2,19.5,1.2,5.9,40.25,9.32
Dynamic Discs,Sergeant,11,4,0,2.5,175.1,21.1,1.7,1.2,16.9,2.1,5.7,28.5,12.16
Disctroyer,Sparrow (Varblane),3,3,0,2,176.8,21.3,1.9,1.6,19.1,1.1,7.4,69.75,5.34
Latitude 64,Sapphire,10,6,-2,1.5,174.3,21,1.7,1.2,17,2,5.7,29.5,11.02
Innova Champion Discs,Avatar,5,4,0,2,180.1,21.7,1.8,1.4,19,1.1,6.6,52.25,8.3
Infinite Discs,Ruin,3,3,0,3,180.9,21.8,1.8,1.4,19.1,1.3,6.4,49.25,7.73
Thought Space Athletics,Mantra,9,6,-2,1,176,21.2,1.7,1.2,17.1,2,5.7,32,9.09
Mint Discs,Freetail,10,5,-4,1,175.1,21.1,1.7,1.2,17.1,2,5.7,37.75,11.25
Latitude 64,SPZ 1,3,3,-2,1,176,21.2,2.1,1.5,19,1.1,7.1,59.25,9.66
Latitude 64,SPZ 2,5,6,-2,0,180.1,21.7,1.9,1.3,19.1,1.3,6,43,7.95
Latitude 64,SPZ 3,9,6,-2,2,175.1,21.1,1.8,1.2,17.3,1.9,5.7,31.25,9.77
Infinite Discs,Aztec,10,5,-1,2,176,21.2,1.5,1.1,16.9,2.1,5.2,33,10.8
Discraft,Malta,5,4,1,3,176.8,21.3,1.7,1.3,18.6,1.3,6.1,45,10.34
Innova Champion Discs,Croc,5.5,2,0,5,175.1,21.1,2,1.4,18.3,1.4,6.6,56.25,12.16
Prodigy Disc,FX-2,9,4,-0.5,3,175.1,21.1,1.6,1.2,17.1,2,5.7,29.25,12.16
Storm Disc Golf,Radar,2,5,0,0.5,175.1,21.1,2,1.5,19.1,1,7.1,55.5,8.41
Disctroyer,Skylark,,,,,180.1,21.7,1.9,1.5,19.3,1.4,6.9,46.5,5.57
Disc Golf Association,Rift,5,4,-1,1.5,179.3,21.6,1.8,1.3,18.6,1.5,6,47,9.89
Infinite Discs,Centurion,7,5,-1,2,175.1,21.1,1.8,1.2,17.8,1.7,5.7,37,8.75
Infinite Discs,Cohort,3.5,4,0,1,175.1,21.1,1.8,1.3,19.1,1,6.2,58.5,6.25
Above Ground Level,Sycamore,7,5,0,1,176,21.2,2.2,1.3,17.8,1.7,6.1,32.25,10.8
Discraft,Anax,10,6,0,3,177.6,21.4,1.7,1.2,17.5,1.9,5.6,29.75,10.45
Yikun Discs,Meteor Hammer,2,3,0,0,176,21.2,2,1.5,19.2,1,7.1,52.5,8.64
Yikun Discs,Tomahawk,5,6,0,0,179.3,21.6,1.9,1.3,19,1.3,6,34.75,9.55
Black Zombie Disc Golf,Flame Thrower,11.5,6,-2,2,179.3,21.6,1.7,1.2,17.2,2.2,5.6,30,10.11
Mint Discs,Profit,2,3,0,2,175.1,21.1,1.9,1.6,18.9,1.1,7.6,65.75,9.66
Discmania,Enigma,12,5,-1,2,175.1,21.1,1.6,1.1,16.6,2.2,5.2,27.75,11.25
Discmania,Link,2,3,0,1,176,21.2,1.9,1.5,19.1,1,7,71,7.84
Axiom Discs,Delirium,14.5,5,-0.5,3,175.1,21.1,1.8,1.2,16,2.5,5.7,27,11.14
Prodigy Disc,MX-3,5,4,0,2,180.1,21.7,1.9,1.3,18.9,1.4,6,32.75,6.48
Streamline Discs,Stabilizer,3,3.5,0,3,176,21.2,1.8,1.4,18.8,1.1,6.6,56.25,8.75
Discmania,Method,5,5,0,3,180.1,21.7,1.9,1.4,19,1.3,6.5,44,10.23
Millennium Golf Discs,Draco,9,3,0,4,176,21.2,1.4,1.2,17.3,1.9,5.7,35.5,11.14
Streamline Discs,Lift,9,5,-2,1.5,176,21.2,1.7,1.2,17.2,2,5.7,28,11.93
Tokyo Discs,Rei ,2,5,0,1,174.3,21,2.1,1.4,18.7,1.1,6.7,50.75,8.18
Discmania,Magician,6,4,0,2,176,21.2,1.8,1.3,17.9,1.6,6.1,39.75,11.59
Discmania,Guardian Lion,,,,,176,21.2,1.8,1.4,19.1,1,6.6,59.25,10.68
Discmania,Mentor,11,5,-2,2,176,21.2,1.8,1.2,17.9,2.1,5.7,39.75,11.59
Discmania,Maestro,4,3,0,2,176.8,21.3,1.7,1.3,19.2,1,6.1,55.25,9.43
Discmania,Genius,7,5,-4,1,175.1,21.1,1.7,1.2,17.7,1.7,5.7,29.5,12.15
Infinite Discs,Scarab,2,4,0,1,176,21.2,2.1,1.5,19.2,1,7.1,62.5,11.02
Infinite Discs,Scepter,9,4,0,4,176,21.2,1.4,1.1,17.3,1.9,5.2,28.25,10.45
Storm Disc Golf,Abyss,8,4,0,3,175.1,21.1,1.6,1.1,17.1,2,5.2,31.75,11.82
Disc Golf UK Ltd.,The Baron,4,3,0,2.5,176,21.2,2,1.6,18.7,2.3,7.5,62.25,10.68
Disc Golf UK Ltd.,The Count,7,4,-1,3,178.5,21.5,1.7,1.1,18.7,1.4,5.1,35.5,8.86
Disc Golf UK Ltd.,The Duchess,5,5,-1,2,176.8,21.3,1.7,1.1,17.8,1.8,5.2,36.5,7.5
Disctroyer,Starling (Kuldnokk),13,5,-2,2,174.3,21,1.7,1.2,16.2,2.4,5.7,27,6.82
Millennium Golf Discs,Falcon,13,5,-2,2,175.1,21.1,1.4,1.1,16.3,2.4,5.2,30.25,12.25
Discmania,Instinct,7,5,0,2,176,21.2,1.9,1.1,17.6,1.8,5.2,32.25,11.36
Dynamic Discs,Raider,13,5,-0.5,3,176,21.2,1.5,1.1,16.3,2.3,5.2,29.25,11.14
MVP Disc Sports,Entropy,4,3,0,3,176,21.2,2,1.4,18.8,1.2,6.6,31.75,11.7
Streamline Discs,Flare,9,4,0,3.5,176,21.2,1.8,1.2,17.2,2,5.7,29.5,11.59
Infinite Discs,Emperor,12,5,-1,2.5,175.1,21.1,1.7,1.2,16.4,2.3,5.7,28,11.82
Above Ground Level,Magnolia,5,5,0,2,180.9,21.8,2,1.2,19,1.4,5.5,45.5,10.23
Axiom Discs,Pyro,5,4,0,2.5,178.5,21.5,1.6,1.3,18.4,1.6,6,42.25,12.05
Disc Golf UK Ltd.,The Duke,5,4,0,3.5,178.5,21.5,1.9,1.4,18.1,1.7,6.5,35.25,11.14
Gateway Disc Sports,Blade,9,5,0,3,176.8,21.3,1.5,1.1,17.3,2,5.2,34,11.71
Gateway Disc Sports,Spear,9,6,-2,1,176,21.2,1.4,1.1,17.3,2,5.2,31.25,11.93
Latitude 64,Catch,,,,,200,27.6,3,2.2,26,0.8,8,90,10.45
Innova Champion Discs,Lion,5,4,0,2,180.1,21.7,1.7,1.4,19,1.3,6.5,54.75,11.57
Mint Discs,Bobcat,5,4,0,2.5,177.6,21.4,1.9,1.4,18.5,1.4,6.5,36,11.46
Prodigy Disc,D1 Max,12,5,0,3,174.3,21,1.6,1.2,16.3,2.3,5.7,26.75,11.23
Prodigy Disc,D2 Max,12,6,-1,2.5,175.1,21.1,1.9,1.2,16.3,2.4,5.7,30.5,10.32
Prodigy Disc,D3 Max,13,5,-1,2,175.1,21.1,1.8,1.2,16.3,2.4,5.7,30.25,11.12
Prodigy Disc,D4 Max,12,6,-4,1,174.3,21,1.9,1.2,16.3,2.4,5.7,30.25,10.32
Prodigy Disc,D6 Max,,,,,175.1,21.1,1.7,1.2,16.3,2.4,5.7,26.75,11.57
RPM Discs,Huia,7,5,0,2,176,21.2,1.9,1.2,17.5,1.8,5.7,33.75,11.59
Innova Champion Discs,Firefly,2,3,0,1,175.1,21.1,2.1,1.5,19.1,1,7.1,71,12.02
Latitude 64,Keystone,2,5,-1,1,175.1,21.1,1.9,1.5,19,1,7.1,75,7.94
